:020000022000DC
:10000000F03F002089220200DD22020009020200E6
:1000100000000000000000000000000000000000E0
:10002000000000000000000000000000DF220200CD
:100030000000000000000000E1220200E3220200B4
:10004000E5220200E52202008D3E0200E5220200C8
:10005000655B0200000000003D550200856802005B
:10006000E5220200E5220200616C0200E5220200A6
:10007000E5220200E5220200E5220200E52202005C
:10008000E522020085370200E5220200E522020097
:10009000BD370200294B02008D5A0200E522020002
:1000A000E5220200E522020000000000000000003E
:1000B0000000000000000000000000000000000040
:1000C0002ADF704739DF704798B500AF031C084A34
:1000D000121A90B22C240855000A2D240855081C29
:1000E0002E3011040A0C191C01F0CAFEBD4698BD41
:1000F0000040002090B583B000AF78603960141CD8
:100100001E4801F01FFB1E4801F01CFB201C01F0E3
:1001100019FB1C4C201C01F015FB1B4801F012FBC5
:10012000381C042101F022FB201C01F00BFB1748B6
:1001300001F008FB381D042101F018FB201C01F020
:1001400001FB134801F0FEFA124801F0FBFA201CF3
:1001500001F0F8FA104804F0AFFF01F0BBFA722882
:1001600007D10120FFF7AEFF002804D1FFF7A8FF59
:1001700001E0FFF7A5FFBD4603B090BD2C9B020038
:10018000389B0200BCA10200409B0200489B020079
:10019000509B0200589B02008813000080B500AFFE
:1001A000031C0A1C0248191CFFF7A4FFBD4680BDB2
:1001B000EFBEADDEB0B500AF051C8022D4050F4BFD
:1001C000E05802210143E1500D4C59225342237063
:1001D00042204142617053225342A3702220414287
:1001E000E1700848291C042201F04AFE281D211C48
:1001F000FFF76AFF00BEBD46B0BDC0461C0500004B
:100200000400002008000020EFF30880D2E7C04679
:10021000B0B500AF07220E4B083393430D490B6076
:1002200000254D609E20C4001A190B490A609E24C7
:10023000E10055605D5059601A60084B1D68083D2B
:100240001D608022140606490C60BD46B0BDC04644
:100250003C240020342400203024002004240020EA
:100260003C290020B0B500AF124A00E01A1C136808
:100270008342FBD3111C54681519854203D1686869
:1002800004195460101C42688518AB420CD10A4C0A
:1002900025689D4206D05B689A1842600C68256804
:1002A000056002E0036000E00360814200D0086066
:1002B000BD46B0BD3424002030240020F0B54746B0
:1002C00080B400AF041C294B1868002801D1FFF747
:1002D0009FFF27490E6826423DD10025002C3FD0C4
:1002E000221C0832510702D00725AA4308320025F4
:1002F000002A35D01F4C236898469A422DD81E49B3
:100300000C6801E0211C2C1C6068824202D925681F
:10031000002DF7D1154B1868844220D00D680835A0
:1003200023680B6061688B1A102B04D9A0184360F6
:100330006260FFF797FF62684046831A0D490B60C1
:100340000E4801688B4201D20C4803601643666078
:100350000026266004E0002502E0002500E00025DC
:10036000281CBD4604BC9046F0BDC0463024002089
:100370003C290020042400203424002000240020F4
:1003800080B500AF002814D0031C083B5B680A4A04
:10039000126813420DD0011C08390968002908D1E0
:1003A000934308384360054A11685B181360FFF7F0
:1003B00059FFBD4680BDC0463C29002004240020D2
:1003C00080B500AF014B1868BD4680BD04240020F5
:1003D000F8B500AF051C1820FFF770FF041C604241
:1003E0006041002803D00E21114AFFF783FE281C2C
:1003F000FFF764FF061C70427041002803D01021F3
:100400000B4AFFF777FEAAB2201C311C03F03EFB1B
:10041000002807D0201CFFF7B3FF301CFFF7B0FF08
:10042000002402E0656100232361201CBD46F8BD65
:10043000EC9B0200F0B55F4656464546E0B400AF7F
:10044000041C8846161C60426041002803D01D2110
:100450002D4AFFF74FFE2269B318092061698B42CC
:1004600027D8002E21D0B246301C01380125054086
:10047000AB4642461178201C03F01CFB002822D01A
:100480001DE04246D15C201C03F014FB002803D081
:1004900021211D4AFFF72EFE01354346595D201CE0
:1004A00003F008FB00282AD025E02569AE19266153
:1004B0000020BD461CBC90469A46A346F0BD2121B3
:1004C000114AFFF717FE002501352B1E5345ECD0CE
:1004D00059460029D5D04046415D201C03F0EAFA78
:1004E000002803D02121084AFFF704FE01352B1E06
:1004F0005345C6D1D9E72121034AFFF7FBFD01355A
:100500002B1E5345BDD1D0E7EC9B0200F0B55F46F2
:1005100056464546E0B400AF051C8846161C6842A6
:100520006841002803D029212B4AFFF7E3FD092069
:100530002A69B24225D3002E1FD0B246331C013B9C
:100540000120184083464146281C03F0C7FA0028C2
:1005500021D01CE04144281C03F0C0FA002803D03D
:100560002D211D4AFFF7C6FD013441460919281CFB
:1005700003F0B4FA002829D024E02B699E1B2E61D9
:100580000020BD461CBC90469A46A346F0BD2D21D6
:10059000114AFFF7AFFD00240134211E5145ECD074
:1005A0005A46002AD6D04144281C03F097FA002866
:1005B00003D02D21084AFFF79DFD0134211E51452E
:1005C000C8D1DAE72D21044AFFF794FD0134211E3A
:1005D0005145BFD1D1E7C046EC9B020098B500AFB2
:1005E000041C60426041002803D03A21034AFFF70F
:1005F00081FD60692369C01ABD4698BDEC9B02006D
:100600002EDF70472FDF704780B500AF03880E4A9A
:10061000108D984214D00C49CA8D9A420CD00A48C9
:10062000818E99420AD0084A508FC11A4B1E9941B7
:1006300048420323184304E0012002E0022000E0C6
:100640000020BD4680BDC0464029002080B500AFD7
:100650000D4B188D002813D00B49CA8D002A0BD0E2
:10066000094B988E002809D007494A8F531E9A419A
:1006700050420323184304E0012002E0022000E07E
:100680000020BD4680BDC0464029002080B500AF97
:100690000020BD4680BDC04680B500AF0020BD46ED
:1006A00080BDC04680B582B000AF0A1C04233B71F8
:1006B00000217971034BD9690B6879689847BD4669
:1006C00002B080BD4029002080B500AF0020BD46AB
:1006D00080BDC046B0B582B000AF051C8BB2B980FA
:1006E000190A01394A0050184300084CE218138DCA
:1006F0000520002B07D0480041184A002832A018D6
:10070000291C02F0EDFABD4602B0B0BD4029002020
:1007100080B584B000AFB980B860B9810A48006C78
:10072000FFF75CFF011C0120072909D9074801F0E8
:1007300009F8054A106C391C08310822FFF77AFEC7
:10074000BD4604B080BDC04640290020049C020084
:10075000B0B584B000AFB8808BB23980141C180AD1
:10076000421E032A22D8201C3968FFF7B3FFF86025
:100770003C4800F0E7FF381C0C30022100F0F6FF87
:10078000394800F0DFFFF868831C67D1201C00F0B7
:10079000BFFB201C3968FFF7BBFF431E98410028B0
:1007A0005CD05721314AFFF7A5FC57E0652814D0EB
:1007B00002D8642852D104E066282AD067284DD197
:1007C00043E0002C4AD025792948203002F072FA03
:1007D000011C281C01F01EFF40E0002C3ED0043418
:1007E000201CFFF711FF002838DB214AFF210D1CD8
:1007F0000540680043195D00283500215153D26936
:10080000002A2BD05368002B28D0201C01219847A8
:1008100024E0002C22D0FFF719FF00281EDB144D26
:10082000FF210840430018184200A8182830211D55
:10083000062201F025FBED69002D0FD06B68002B1F
:100840000CD0201D0221984708E0002C06D0201D66
:10085000E168FFF727FFE06800F096FB0020BD4647
:1008600004B0B0BD0C9C0200BCA10200189C0200A8
:100870004029002098B500AF041C054800F062FF35
:10088000044B186C211C0822FFF740FEBD4698BDA2
:10089000309C02004029002090B585B000AF041CB8
:1008A000381DFFF7E7FF00280ED1786800F06CFBD9
:1008B0000D4B1868046804223A7300217973F868B4
:1008C000B9687A68A0470BE0201C01F05FFF041CA8
:1008D000064800F037FF002C02DA054800F032FF2E
:1008E000BD4605B090BDC046402900203C9C02009A
:1008F000509C0200B0B586B000AF031C0C1E22D085
:10090000381D191C062201F0BBFAFC60381D0C21B1
:1009100000F0DCFA051E16D0201C00F0F9FA0B4896
:1009200001680C6804223A7400237B74381C14306C
:100930000749022201F0A4FA386979692A1CA04704
:10094000281C00F021FBBD4606B0B0BD40290020A8
:10095000009C0200F8B500AF061C0D1C081C0C30F2
:1009600000F070FA041E1CD002880430002101F04F
:10097000B3FA0423637126710B4802684668227239
:10098000110A6172130CA372100EE0722673320A00
:100990006273310CA173360EE673ADB2A5712B0AEA
:1009A000E371201CBD46F8BD60000010F0B547465D
:1009B00080B484B000AF8846151C111C0831FFF7C5
:1009C000C9FF041E29D00023FB71BB60FB60F81D2A
:1009D000FFF716FE002809D1F979C8B2082800D916
:1009E0000821C9B2381C0830FFF70CFE201C10305B
:1009F000391C0831082201F043FA261C1836301C35
:100A000041462A1C01F03CFA01F032FA021C301C6B
:100A1000291C3B1C083301F07DFA201CBD4604B0A4
:100A200004BC9046F0BDC046F8B500AF0E1C151CC6
:100A3000111CFFF78FFF041E04D01030311C2A1C3C
:100A400001F01EFA201CBD46F8BDC04698B500AFA7
:100A5000114C2060E161114B23621148606240201B
:100A6000FFF7B6FC206443425841002803D0ED2133
:100A70000C4AFFF73FFB08480B49C1600B4A426133
:100A80000B4C84610B4B0361042101710A4A8260A3
:100A90000430BD4698BDC04640290020F50802003C
:100AA00099080200189C02008D06020099060200B7
:100AB00051070200C9060200609C020098B500AF11
:100AC000041E11D0037802200A2B0ED8A06880479C
:100AD000011C0120002908D122780A329300044821
:100AE000C1184C60002000E00120BD4698BDC04602
:100AF0008429002098B500AF041E0DD00378022091
:100B00000A2B0AD8E068804721780A318C00044A11
:100B100013190021596000E00120BD4698BDC04670
:100B20008429002080B500AF0020BD4680BDC046AE
:100B300080B500AF0020BD4680BDC04680B500AF87
:100B40000020BD4680BDC04680B582B000AFB880F1
:100B50008BB23980180A012870D13A4800F0F2FDB2
:100B60003949CA6A002A05D0506800F0EBFD3748C1
:100B700000F0E8FD344B186B002805D0406800F009
:100B8000E1FD324800F0DEFD2F494A6B002A05D016
:100B9000506800F0D7FD2D4800F0D4FD2A4B986B2B
:100BA000002805D0406800F0CDFD284800F0CAFDBF
:100BB0002549CA6B002A05D0506800F0C3FD2348C0
:100BC00000F0C0FD204B186C002805D0406800F0F4
:100BD000B9FD1E4800F0B6FD1B494A6C002A05D03D
:100BE000506800F0AFFD194800F0ACFD164B986C52
:100BF000002805D0406800F0A5FD144800F0A2FDD3
:100C00001149CA6C002A05D0506800F09BFD0F48BE
:100C100000F098FD0C4B186D002805D0406800F0DE
:100C200091FD0A4800F08EFD07494A6D002A05D063
:100C3000506800F087FD054800F084FD0020BD46A7
:100C400002B080BD649C020084290020BCA1020087
:100C500090B585B000AFB8803980141E02D0101C4A
:100C600000F056F9BB883B8138887881FC60381CDD
:100C700008300821034A04F0E7FA431E9841BD46B4
:100C800005B090BD890C020098B500AF041C8378B4
:100C90000A2B0CD80A3398000C4A11184B68002B09
:100CA00005D061885B6920686268984706E007485C
:100CB000826A002A02D0201C082190476068002820
:100CC00001D000F061F9BD4698BDC04684290020DE
:100CD00080B500AF2423094AD15C00290AD1131C36
:100CE0009062012024229854054959600548986073
:100CF000054A1A600148BD4680BDC04684290020CF
:100D0000BD0A0200F50A0200510C020080B500AFD6
:100D10000748084B436108498161084AC261084B92
:100D2000036208490161002202730C30BD4680BD98
:100D300084290020250B0200310B02003D0B02002C
:100D4000490B0200749C020080B500AF00280EDA47
:100D50000F220240083A930899000B4A8B185968F1
:100D600003221040C000C1400906880F0AE0820833
:100D7000C0329100054BC95803221040C000C14049
:100D80000906880FBD4680BD18ED00E000E100E0D7
:100D900080B500AF064B5868C105CA0D0420002A73
:100DA00004D0103A50B2FFF7CFFFC0B2BD4680BDAD
:100DB00000ED00E02BDF70472CDF704780B500AFFF
:100DC0008378002B01D0013B8370BD4680BDC046B7
:100DD00080B500AF837801338370BD4680BDC046C7
:100DE00090B583B000AF0023FB71FFF7D1FF01285E
:100DF0001ED0F81DFFF7DEFF022801D172B60DE00C
:100E000000280BD014210E4AFFF774F906E00028E1
:100E100011D016210A4AFFF76DF90CE0FFF7D0FA5E
:100E2000041C62B6F879FFF7C7FF0228EFD102E091
:100E3000FFF7C6FA041C201CBD4603B090BDC04697
:100E40007C9C0200B0B582B000AF051C0023FB7192
:100E5000FFF79EFF01282DD0F81DFFF7ABFF0228FA
:100E600001D172B61BE0002819D03321164AFFF7D2
:100E700041F914E0002803D03521134AFFF73AF96D
:100E8000002C06D025800020A070201CFFF7A0FFBA
:100E900015E004203C210C4AFFF72CF90FE0281D37
:100EA000FFF70CFA041C62B6F879FFF785FF0228F9
:100EB000E0D1E5E7281DFFF701FA041CE0E7201C5C
:100EC000BD4602B0B0BDC0467C9C0200F8B500AF84
:100ED000061C0D1C081CFFF7B5FF041E06D0002ED3
:100EE00004D00430311C2A1C00F0CAFF201CBD466F
:100EF000F8BDC04698B500AF041E06D001F040F919
:100F0000411C201CFFF7E2FF00E00020BD4698BD19
:100F100090B583B000AF041E1BD00023FB71FFF718
:100F200037FF012824D0F81DFFF744FF022801D124
:100F300072B613E0002811D05421114AFFF7DAF8F5
:100F40000CE0002803D056210D4AFFF7D3F800200B
:100F500012E00C4800F0F6FB01200DE0201CFFF72A
:100F600037FF62B6F879FFF727FF0228E9D1EEE7ED
:100F7000201CFFF72DFFEAE7BD4603B090BDC04639
:100F80007C9C0200949C020090B583B000AF041ECC
:100F900039D00023FB71FFF7FBFE012842D0F81D7A
:100FA000FFF708FF022801D172B631E000282FD0E8
:100FB0006321274AFFF79EF82AE0002803D0652125
:100FC000234AFFF797F8A178002000293CD1E1706F
:100FD000F971FFF7DDFE012828D0F81DFFF7EAFEC2
:100FE000022801D172B625E0002823D06A21184AD0
:100FF000FFF780F81EE0002803D06C21144AFFF7A9
:1010000079F8002020E0134800F09CFB01201BE051
:10101000201CFFF7D3FE62B6F879FFF7CDFE022859
:10102000CBD1D0E7201CFFF7C9FECCE7201CFFF78F
:10103000A7F9E6E7201CFFF7A3F962B6F879FFF7F6
:10104000BBFE0228D7D1DCE7BD4603B090BDC04649
:101050007C9C0200C09C02002ADF704739DF704789
:1010600080B500AF0020BD4680BDC04680B500AF52
:101070000020BD4680BDC04680B500AF0020BD4603
:1010800080BDC04680B500AF203843425841BD46C0
:1010900080BDC046F8B500AF061C046800E001340E
:1010A0002578281CFFF7EEFF0028F8D1002D0FD07F
:1010B000281C251C002804D107E0013528780028C9
:1010C00003D0FFF7DFFF0028F7D03560201C00E0D9
:1010D0000020BD46F8BDC04690B583B000AF786033
:1010E0000C1C007800284BD0381DFFF7D3FF206080
:1010F00079680A780120002A43D000230B704A1C2B
:101100007A60497800293CD0381DFFF7C3FF606042
:101110007B681A780220002A33D0002119705A1CEB
:101120007A605B78002B2CD0381DFFF7B3FFA060EE
:1011300079680A780320002A23D000230B704A1C08
:101140007A60497800291CD0381DFFF7A3FFE060C2
:101150007B681A780420002A13D0002119705A1CC9
:101160007A605B78002B0CD0381DFFF793FF20616D
:101170007C6821780520002903D00022227000E03D
:101180000020BD4603B090BDF0B500AF8618D30770
:1011900008D50CE003780A78451C4C1C93420DD00E
:1011A000981A02E0B042F5D10020BD46F0BD0378A8
:1011B0000A78013001319342F4D0F1E743784A785C
:1011C000681C611C9342EDD0EAE7C046F0B5474683
:1011D00080B400AF061C0D1C081C00F0D1FF041CDD
:1011E000301C00F0CDFF844205D1301C291C221C8C
:1011F000FFF7CAFF01E001204042BD4604BC904613
:10120000F0BDC046F0B5474680B48AB000AF0C1CB4
:10121000002800DCBBE008686049FFF7D7FF002822
:1012200006D10120FFF71AFF002801D1FFF714FFB4
:1012300020685B49FFF7CAFF002818D15948FFF71B
:1012400059FE051E13D0584B98690668062139725D
:1012500000227A72381C0C305449022200F010FE31
:10126000B868F9682A1CB047281CFFF78DFE206873
:101270004F49FFF7ABFF002823D14E4D286869681E
:10128000386079600820FFF7DDFD051E19D00430B5
:10129000391C082200F0F4FD434B9E693668062194
:1012A000397400227A74381C143040490431022207
:1012B00000F0E6FD386979692A1CB047281CFFF761
:1012C00063FE20683C49FFF781FF002801D1FFF74A
:1012D000C3FE20683949FFF779FF002828D106208E
:1012E000FFF7B0FD051E23D0354B1878804659789E
:1012F0009878DE781A795B792B716A71AE71E87132
:1013000029724146697228488669366806223A760B
:1013100000237B76381C1C3024490431022200F063
:10132000AFFDB869F9692A1CB047281CFFF72CFEED
:1013300020682449FFF74AFF002828D1802465054A
:10134000286E6E6E2A6E696E331C43404A40140C40
:1013500063409DB20220FFF775FD061E17D0858001
:10136000114882691468391C203106230B7000254E
:101370004D70381C24300D490431022200F080FDEC
:10138000386A796A321CA047301CFFF7FDFD002047
:10139000BD460AB004BC9046F0BDC046EC9C0200BD
:1013A000F09C0200589B0200DC290020E49C020013
:1013B000F49C020060000010F89C0200FC9C0200FB
:1013C000A4000010009D020090B589B000AFB88065
:1013D00039800023FB603B617B61BB61FB61101DB9
:1013E000391C0C31FFF778FE041C391C0C31FFF757
:1013F00009FF0648C269002A03D0201C391C0C31A1
:1014000090470020BD4609B090BDC046DC290020B1
:1014100080B500AF094B0A4A9A600A4ADA600A4A64
:101420001A610A4A5A6106221A70094A5A6098617A
:101430000968D961181CBD4680BDC046DC29002062
:10144000611002006D10020079100200C913020041
:10145000089D020080B500AF0020BD4680BDC0469B
:1014600080B500AF0020BD4680BDC046F0B55F46E8
:1014700056464D464446F0B483B000AF061C7A6031
:101480001B4B187F00282AD0002928D0396000255E
:10149000A84618498B468A460F2291467C68002C44
:1014A00012D07419237818095946085C02F04CFED2
:1014B0000028F6D125784A4615405346585D02F07B
:1014C00043FE0028F6D104E0705D02F03DFE0028E6
:1014D000FAD10124A044454638688045DED1BD4696
:1014E00003B03CBC90469946A246AB46F0BDC04610
:1014F000FC290020409D020090B587B000AFB88065
:101500008BB23980141C180A002A33D0002831D03D
:1015100001280FD1194808210022FFF7A7FF201D3D
:1015200021880122FFF7A2FF154809210022FFF7B9
:101530009DFF1FE002280CD1381C083011491022F1
:1015400000F09EFC381C083010210022FFF78EFFAF
:1015500010E003280ED1094808210022FFF786FF7A
:10156000201D21880022FFF781FF05480921002264
:10157000FFF77CFF0020BD4607B090BD209D020014
:101580002C9D02000C9D020080B588B002AFBB1DEF
:101590000022FA800E48B8601021F9600D4A3A61C5
:1015A00080204100796100930B482830391C0831B4
:1015B0000A4A032302F0C2FC0121002803D10122C0
:1015C000054B1A770021081CBD4606B080BDC046F9
:1015D000302A0020402A0020FC290020E1150200CA
:1015E000F0B5474680B484B000AF0378002B60D0DC
:1015F00066E0F879354A50770A2808D002D80828DA
:101600003BD128E00D2802D07F2836D123E00A20E4
:1016100002F09AFD0D2002F097FD2C4C256A002D5A
:1016200049D02A4CA38CE81800250571A1690A68E5
:101630009046381C0830311C022200F021FC0623A1
:101640003B737D73B868F968226AC047206AFFF768
:101650009BFC25622FE01D4B988C00282BD0082086
:1016600002F072FD202002F06FFD082002F06CFDF8
:1016700016498A8C013A8A841DE014490B6A002BB2
:1016800008D12020FFF7DEFB104C20620025A58446
:10169000031E10D00D48828C198801398A420ADA5B
:1016A000F8799C1820710132084DAA8402F04CFD93
:1016B00001E0074E1036F81D02F03CFD002898D0DE
:1016C000BD4604B004BC9046F0BDC046FC290020D5
:1016D0000C9D020080B500AF014B587FBD4680BD18
:1016E000FC290020F0B500AF0A4B0B4A9A600B4C66
:1016F000DC600B4D1D610B4E5E6101221A700A4CBD
:101700005C609961191C283170C870C1181CBD46F5
:10171000F0BDC046FC2900208915020055140200C6
:1017200061140200F9140200389D020080B500AF78
:10173000034B197F002901D002F006FDBD4680BD94
:10174000FC29002098B500AF041C074B187F002827
:1017500008D02078002805D002F0F6FC013420786B
:101760000028F9D1BD4698BDFC290020F8B54F46A8
:101770004646C0B400AF041C0E1C274B187F00283F
:1017800032D0002930D0254D0F2290460139012357
:101790000B40994620780209A85C02F0D5FC21781C
:1017A00043461940685C013402F0CEFC013E002E35
:1017B0001FD119E022781109685C02F0C5FC23787A
:1017C00040460340E85C02F0BFFC61780B09E85C2E
:1017D00002F0BAFC607842461040285C023402F005
:1017E000B3FC023E002EE5D1BD460CBC90469946A6
:1017F000F8BD48460028DDD022781109685C02F067
:10180000A3FC237840460340E85C013402F09CFCD2
:10181000013E002ECED1E7E7FC290020409D0200CA
:10182000F8B54F464646C0B400AF284B1A7F002A91
:1018300035D0002933D04E1E80190C1C461A244D79
:101840000F218846631E01221A409146305D01092E
:10185000685C02F079FC335D42461340E85C02F0BC
:1018600073FC013C002C1FD119E0315D0B09E85CD1
:1018700002F06AFC305D42461040285C02F064FCD5
:10188000013C315D0B09E85C02F05EFC305D4246D4
:101890001040285C02F058FC013C002CE5D1BD460C
:1018A0000CBC90469946F8BD48460028DDD0315D15
:1018B0000B09E85C02F048FC305D42461040285CB1
:1018C00002F042FC013C002CCFD1E8E7FC290020CB
:1018D000409D0200F0B585B000AF00233B607B6007
:1018E000BB60FB6004681548017F002923D00025F8
:1018F000002C03D1302002F027FC1CE0201C0A2120
:1019000007F03CFC79550135EDB2201C0A2107F0A7
:10191000F1FB041EF2D16A1ED4B2002D0BD0084E8A
:101920000F253B5D2B40F05C02F00EFC601E211C7D
:10193000C4B20029F5D1BD4605B0F0BDFC29002098
:10194000409D020080B582B000AF03687B60094A09
:10195000107F00280AD0002B05DA2D2002F0F4FBBE
:1019600079684B427B60381DFFF7B4FFBD4602B07B
:1019700080BDC046FC2900200FB4B0B584B000AFD4
:101980002C4B187F00284FD0391C2431F9603D6A58
:1019900047E0252842D16C78E2B2732A26D002D8DB
:1019A000642A33D10FE0E2B2752A16D0782A2DD1FD
:1019B000F868011DF9600468BC60381C0830042117
:1019C000FFF7D4FE28E0F868011DF9600468BC60E8
:1019D000381C0830FFF7B6FF1EE0FB681A1DFA60DE
:1019E00018687860381DFFF775FF15E0F9680C1D61
:1019F000FC600B685C1C1A78002A0DD0207802F07D
:101A0000A3FB207801340028F8D105E0252002F05E
:101A10009BFB687802F098FB023502E0013502F08A
:101A200093FB28780028B4D1BD4604B0B0BC08BCF4
:101A300004B01847FC29002080B500AFC130FF304A
:101A400080000122A023D9054250BD4680BDC0467A
:101A500080B500AF8900C130FF308000A023DA05D7
:101A60008150BD4680BDC04680B500AF0123834094
:101A7000181CA121CB00A022D105C850BD4680BDB5
:101A800080B500AF01238340181C0349A022D30571
:101A90005850BD4680BDC0460C050000F8B500AFEB
:101AA0009C46164BC250842254000259002A15D17C
:101AB00084256D00C026B301541C221C4659002EFB
:101AC00003D1621C4459002C14D0C025AB019A42AA
:101AD00004D1081CFFF7C8FF002009E0002184267C
:101AE00072008150A324E50040596346187001201C
:101AF000BD46F8BD9A42DFD1EBE7C0461C050000A9
:101B000080B500AF002803D00068431E984100E074
:101B10000020BD4680BDC046F0B557464E464546FE
:101B2000E0B400AF0E1C904699462021CA5D924653
:101B30002423DD5DBC6A002C54D0002802D1314A38
:101B4000226003E0012850D12F49216025714846C9
:101B5000FFF772FF5046FFF76FFF281CFFF76CFF7F
:101B6000281CFFF781FF40460021FFF771FFA123EA
:101B7000DD00504621684851244B4A462568EA500A
:101B8000A220C30042462168CA5080256805204B28
:101B90002268D050012E0BD0002E04D0022E0CD083
:101BA000032E25D10EE000251A4821680D500DE0C6
:101BB0000222184B2668F25008E00422154B2668D2
:101BC000F25003E00625134821680D5000258420BB
:101BD000420021688D5024680126A023DD00665153
:101BE000002009E00120404204E00120404201E0E1
:101BF0000226704200222260BD461CBC90469946D7
:101C0000A246F0BD00300040004000400C0500003E
:101C10002405000054050000F0B55F4656464D46C9
:101C20004446F0B485B000AF83460C1C90469A46FB
:101C3000FFF766FF002800D186E059460E680D794F
:101C4000281CFFF71DFF002C28D0A146231C013BB8
:101C500001221A407A6040460278301C291C3B1C45
:101C60000F33FFF71BFF002800D0C0E070E04046B4
:101C7000C25C301C291C3B1C0F33FFF70FFF0028F0
:101C800066D0013443461A5D301C291C3B1C0F33BF
:101C9000FFF704FF002800D0C3E059E05446002CB1
:101CA00028D0D0465146013901220A409146B86BEE
:101CB0000278301C291C3B1C0F33FFF7EFFE002875
:101CC00000D075E048E0B86BC25C301C291C3B1C9E
:101CD0000F33FFF7E3FE00283ED00134BB6B1A5DE3
:101CE000301C291C3B1C0F33FFF7D8FE002800D006
:101CF00077E031E0FC6B002C33D00021F973FA6BF4
:101D000092460024101C01380123034098463B6C86
:101D1000301C291C0022FFF7C1FE00282ED11FE035
:101D2000FA7B396CCB18301C291CFFF7B7FE002852
:101D300016D00134FA7B3B6C1B19301C291CFFF7B1
:101D4000ADFE00282FD10BE001214C42A24608E055
:101D500002225042824604E002267542AA4600E072
:101D6000A2465B461879FFF77FFE5046BD4605B098
:101D70003CBC90469946A246AB46F0BD0134231EBA
:101D80005345EED041460029CAD0FA7B386C03197E
:101D9000301C291CFFF782FE0028E1D00134231EED
:101DA0005345BDD1DDE70134231E5345B8D1D8E7F3
:101DB00000240134231E53459CD04946002900D1FC
:101DC00081E7BA6B125D301C291C3B1C0F33FFF7F7
:101DD00065FE0028C0D00134231E534500D072E7B1
:101DE00088E70134231E434500D06CE782E70024D6
:101DF0000134231E4B4500D150E77968002900D1FA
:101E000035E74246125D301C291C3B1C0F33FFF79F
:101E100045FE00289CD00134231E4B4500D026E708
:101E20003CE70134231E4B4500D020E736E7C0468F
:101E300090B585B004AF0C1C009201933B690293EE
:101E400000210022231CFFF7E7FEBD4601B090BD34
:101E50004ADF704712DF7047B0B500AF01220023A0
:101E60008469C56912196B418261C361BD46B0BD09
:101E700080B500AF0148BD4680BDC046800000105F
:101E8000B0B500AF002819D0002919D0002A18D009
:101E90008218031CC4431419012525400C780470D2
:101EA0000133013193420ED10BE00C781C704D7858
:101EB0005D70023302319342F7D102E0002000E06E
:101EC0000020BD46B0BD002DEFD00D781D70013350
:101ED00001319342E9D1F4E7B0B500AFC9B2002AAD
:101EE0000FD08218031CC443141901252C40017023
:101EF0000133934207D104E01970597002339342C1
:101F0000FAD1BD46B0BD002CF6D019700133934212
:101F1000F2D1F6E7F0B54F464646C0B48FB000AFF9
:101F200081460D1C141C984600267E60F81CFFF7A5
:101F300091FF381C0830211C1022FFF7A1FF381C2C
:101F4000183041460822FFF79BFF3E627E62FB7815
:101F5000002B04D103F052FE201C03F0ADFE0F2D28
:101F60003AD94C46281C1038C106CE0FFA78002A00
:101F700000D075E07BE0FE78002E09D1381C2830B7
:101F8000391C183103F05AFE002807D1012061E006
:101F9000381C0830FFF75CFF00285AD12068B96A66
:101FA000484020606368FA6A53406360A668386BF3
:101FB0004640A660E1687B6B5940E16010347A6866
:101FC00010327A60103D381C0830FFF745FFFE786C
:101FD000002E00D0A3E0A9E04C46002D2DD0FE78C5
:101FE000002E09D1381C2830391C183103F026FE88
:101FF000002809D101202DE0381C0830FFF728FF08
:10200000011C0120002925D1B86A23685840B86214
:10201000FE6A62685640FE62396BA06841403963CF
:102020007B6BE66873407B63201C391C28312A1CBB
:10203000FFF726FF7C6865197D604F48FFF782FB3C
:10204000381D0221FFF792FB4C48FFF77BFB002075
:1020500000E00120BD460FB00CBC90469946F0BD93
:10206000381C0830FFF7F4FE002809D0F1E7381CCF
:102070002830391C183103F0E1FD002800D185E734
:102080002368B86A434023606168FA6A514061601E
:10209000A368386B4340A360E1687A6B5140E1600C
:1020A00010347B6810337B60103D381C0830FFF71C
:1020B000D3FE0F2D00D890E7002E00D15BE7FE780D
:1020C000002E06D0381C0830FFF7C2FE002809D0C9
:1020D000BFE7381C2830391C183103F0AFFD002849
:1020E00000D153E72068B96A484020606368FA6A03
:1020F00053406360A668386B4640A660E1687B6B1E
:102100005940E16010347A6810327A60103D381C12
:102110000830FFF7A1FE0F2D00D92CE75DE7381C32
:102120000830FFF795FE002809D092E7381C2830C8
:10213000391C183103F082FD002800D126E7206801
:10214000B96A484020606368FA6A53406360A668D1
:10215000386B4640A660E1687B6B5940E160103403
:102160007A6810327A60103D381C0830FFF774FE30
:102170000F2D00D9FFE630E7509D0200589D020068
:1021800080B500AF0378002B05D000210131425CFF
:10219000002AFBD100E00021081CBD4680BDC046DE
:1021A0002ADF704739DF704780B500AF8023D80041
:1021B000044A1158002903D00348C023D9005050C5
:1021C000BD4680BD000001403546526E90B500AF5F
:1021D000012401235940084B084A995099589950B5
:1021E000C003074A9850A121C8001A5822431A5028
:1021F0001C60BD4690BDC046000001400C050000BB
:102200000405000000000000F8B500AF041C1A48E7
:1022100001211A4A01F074FB00281BD1164B1E68DD
:10222000FA2081004C43630CE203104D0E4C101C4D
:10223000191C001969410E4A0E4B07F02FF8011CBA
:10224000301C002201F0BAFB002803D10C48FFF734
:1022500079FA06E00120FFF7A5FF002801D1FFF77A
:102260009FFFBD46F8BDC04600F40100000000001D
:1022700000E8030000000000402B0020A92102001C
:10228000649D0200C046C0460C4802680F210A4304
:1022900002600B490B4A0C4B9B1A03DD043BC858E8
:1022A000D050FBDC491A094A094B9B1A02DD043B5A
:1022B000D150FCDC07488047074800472405004010
:1022C00018A6020000240020302400203024002022
:1022D00078360020152E020001770200FEE7FEE7A7
:1022E000FEE7FEE7FEE7C046C0DF7047C2DF70478B
:1022F000C3DF7047C6DF7047C7DF7047CCDF70476A
:10230000CDDF7047CFDF7047D3DF7047D4DF704732
:10231000D6DF7047DADF7047DDDF7047E7DF7047F1
:10232000F0B54F464646C0B483B000AF8046161C99
:10233000914233D80C1C0025531A01221A409146B1
:102340003D71081C391DFFF7E9FF00283ED12DE043
:102350003D71201C391DFFF7E1FF002811D13879AC
:1023600000280ED0201CB91D7A1D131CFFF7CEFFCC
:10237000002806D142461188FB88994201D1201CD1
:102380000EE00134E4B23D71201C391DFFF7C6FF99
:1023900000284ED13DE00126704201E0012040427C
:1023A000BD4603B00CBC90469946F0BD3979002972
:1023B0000CD0201CB91D7A1D131CFFF7A7FF0028A5
:1023C00004D140460288FB889A42D8D00134E4B256
:1023D000A642E0D349460029BAD03D71201C391DE0
:1023E000FFF79CFF00280FD1387900280CD0201C63
:1023F000B91D7A1D131CFFF789FF002804D142463E
:102400001188FB889942BAD00134E4B2A6429FD227
:10241000C1E7387900280CD0201CB91D7A1D131C87
:10242000FFF774FF002804D142461188FB889942C7
:10243000A5D00134E4B2A64200D389E7ABE7C04699
:10244000F0B583B000AF0D1C884221D8041C0B1AD4
:102450000122161C1E40F91DFFF760FF00281FD146
:102460001BE0201CF91DFFF759FF002804D1FB7960
:10247000002B01D1201C0DE00134E4B2201CF91D19
:10248000FFF74CFF002822D11EE00125684201E041
:1024900001204042BD4603B0F0BDF9790029E9D0E2
:1024A0000134E4B2A542F0D3002EDAD0201CF91D8D
:1024B000FFF734FF002802D1F8790028DAD0013480
:1024C000E4B2A542CDD2E0E7FA79002AD2D00134B5
:1024D000E4B2A542C5D2D8E7F0B5474680B400AF14
:1024E000041C0E1C151C4978F278FFF7FFFE80468D
:1024F000B178201CFFF704FF4346C6182988AA7844
:10250000EB78201CFFF700FF3518201CFF21FFF798
:1025100001FF2E18201C0021FFF7FAFE3518201CA1
:1025200004210022FFF7EEFE2818BD4604BC9046A9
:10253000F0BDC046F8B500AF051C141C4E78CA7833
:10254000311CFFF7D3FE061C2188A278E378281CF3
:10255000FFF7DAFE8019BD46F8BDC046B0B582B0BF
:1025600000AF0C1C124B197800290ED1E07A1F2203
:1025700090431AD0A07BE17B227C637CA5893D80BF
:10258000B870F9703A717B7108E001290DD1391CDE
:10259000BA1CFB1CFFF7BAFE002806D104484268AB
:1025A000E11C5468381C0822A047BD4602B0B0BDEB
:1025B000442B002090B587B000AF041C0023BB6003
:1025C000FB60FB71002803D11148017800291CD061
:1025D000201C391C10313A1C12323B1C1333FFF7FC
:1025E00095FE002811D10A4A53681B68381C103028
:1025F000391C0831FA1D9847F979481E072804D874
:10260000201C3A1C0832FFF777FEBD4607B090BD8C
:10261000442B0020F0B587B000AF061C0D1C002431
:102620003C614223BB741E48B882FFF75DFE381C34
:1026300008301C490822FFF723FC0020391C083110
:10264000FFF75CFE3C60BC80002D23D016490E7065
:102650004D600020002E1FD1E020FFF75DFE002816
:1026600003D06221114AFDF745FD1148FFF76AF8D2
:102670000020391C10313A1C0023FFF72DFF0028E1
:1026800003D06421094AFDF735FD0020FFF732FE33
:10269000002001E001225042BD4607B0F0BDC04617
:1026A000110100007C9D0200442B0020849D02004B
:1026B000989D0200F0B54F464646C0B485B000AFC5
:1026C000051C2F4B1E7874427441211C0722FFF712
:1026D00027FE8046A146A0420EDB2A48FFF732F8CB
:1026E0000026BE60FE604446E0B208213A1C083273
:1026F000FFF702FE00243BE0201C0721FFF7A0FEAD
:10270000041C814532DC2988072211408823D80027
:10271000091800223A6050237B704220B870B980BB
:10272000012E0CD1E0B2391C2A1C2023FFF7D4FE65
:10273000002811D08221144AFDF7DCFC0CE00023B4
:102740007B70E0B2391C2A1CFFF7F4FE002803D08E
:1027500087210D4AFDF7CEFC0025BD60FD60E0B28B
:1027600008213A1C0832FFF7C7FD01E0012044426E
:10277000201CBD4605B00CBC90469946F0BDC04635
:10278000442B0020B49D0200849D020090B583B0CC
:1027900000AF124B1C7863425C41211C0722FFF7FB
:1027A000BFFD7860A04213DB0D48FEF7CBFF381D5C
:1027B0000121FEF7DBFF0B48FEF7C4FF07490A784B
:1027C0000020002A06D17B68D8B2FFF791FD01E016
:1027D00001204042BD4603B090BDC046442B0020BE
:1027E000D49D0200BCA1020098B500AF0478811C02
:1027F0004378DAB2072A0ED0802A02D0032A0DD1FC
:1028000004E0201C2022FFF7A9FE07E0201C202264
:10281000FFF7D0FE02E0201CFFF76AFDBD4698BD21
:10282000F0B500AF0B78013B5D00EA185400A5B28B
:102830000688761B002E0BDD002200238C18A4785E
:102840008218521914710133DBB21A1EB242F5DB41
:102850000020BD46F0BDC04680B500AFBD4680BD7E
:1028600098B500AF041C4069002801D0FEF78CFB2E
:10287000002363616380BD4698BDC04698B500AF34
:10288000041CC069002801D0FEF77EFB0023E36131
:102890000522504220836383BD4698BDF8B54F465C
:1028A0004646C0B400AF0488624BA022995801315B
:1028B00099509A89A24212D01B8EA3420BD0542069
:1028C0005C4D285AA04208D078255A4E755BA54227
:1028D0000FD1032604E0012602E0022600E00026D4
:1028E000544BF0008419A5005A19D162151C0C35FF
:1028F00099E0002A0BD0002B05D0002805D0032634
:10290000002D05D013E0012602E0022600E000269B
:10291000484BF0008519AA009D18AC81E9620C357E
:10292000281CFFF7ABFF281CFFF79AFF7BE0414A0A
:10293000136A002B58D13F48866A002E54D110E00C
:102940003C4BD86C002853D10DE03A4A136F002B52
:1029500052D10AE09423374AD058002851D1032697
:1029600004E0002602E0012600E00226314BF000E0
:102970008519AA009D18E962AC810C3553E02D4BF6
:10298000DA6A881A032840D914E02A4B1A6D881A8B
:1029900003283ED910E0274B5A6F881A03283CD9E8
:1029A0000CE09820234A1658891B0025032603298A
:1029B00005D838E0002602E0012600E002261D4B83
:1029C0009846F500A946A819850045440C35281CF1
:1029D000FFF746FF4A4691198E004644A023404621
:1029E000C258F262B4811EE0124D6A6C002AA7D070
:1029F000104EB56E002DA8D08C200E4E3558002DEF
:102A0000A8D00C4EB56A002DB9D00A4EF56C002D39
:102A1000BBD0084E356F002DBDD09426054DAB5967
:102A2000002BBED00025281CBD460CBC9046994604
:102A3000F8BDC0464C2B002080B500AF031C04300D
:102A40001988002201F090FBBD4680BDF0B54746D5
:102A500080B400AF061C0D1C9046FFF71FFF041C3E
:102A6000C269002A00D18EE0417B01314B00581829
:102A7000628B51084018172800D8182008234246B6
:102A80001370218B0BB2002B06DA211C0C31281C91
:102A90000822FFF7F5F973E00AB290425AD9101CE8
:102AA000617B013106F0CAFB8EB2002E06D1211CDB
:102AB0000C31281C0822FFF7E3F961E02970627BE2
:102AC0006A700804010C01394B005E18720093B261
:102AD000E06901888B4202DB0026AE7002E0C2187A
:102AE0001079A8705E1CE1690A88964202DB00201A
:102AF000E87002E08E193179E9709A1CE669308835
:102B0000824202DB0021297102E0B21816792E718F
:102B1000DA1CE1690888824202DB00266E7102E05D
:102B20008A18117969711E1DE2691088864202DBDC
:102B30000021A97102E096193279AA710533E06982
:102B400001888B4203DAC6183279EA7118E0002353
:102B5000EB7115E0E569281CFEF7DAF9201CFFF798
:102B60008DFE9C240A480159002905D04B68002B92
:102B700002D0301C291C9847281CFEF705FA02E0F9
:102B8000258B01352583BD4604BC9046F0BDC0466B
:102B90004C2B0020F0B54F464646C0B483B000AF82
:102BA000041C0D1C4B78002B4AD00A78934249D361
:102BB000002A2FD1CB7999468A7990464879060226
:102BC00009790E43FE80FEF70BF9864202D8FB8896
:102BD000002B0BD11F48FEF7B5FDB81D0221FEF7F3
:102BE000C5FD201CFFF73CFE00202CE04A461002E9
:102BF00066894146084386421DD0201D291C0822B3
:102C0000FFF73EF9201CFFF72BFEF888FEF71AF9B4
:102C1000606110E0406900280DD0FFF701FE608878
:102C20006179884207D36069FFF706FF66898642AB
:102C300001D1606907E0658801356580002002E008
:102C4000002000E00020BD4603B00CBC9046994631
:102C5000F0BDC046E89D0200F0B5474680B400AF25
:102C6000051C8846161CFFF719FE041E1BD04146A2
:102C7000321CFFF78FFF011E0CD09C230C4AD0584A
:102C8000002804D00668002E01D0281CB047201C64
:102C9000FFF7E6FD6169002905D0E569002D02D046
:102CA000638B01336383BD4604BC9046F0BDC046D0
:102CB0004C2B002080B500AF054B064A1A60064930
:102CC0005960064A9A609C215850181CBD4680BD28
:102CD0004C2B00204D2A0200592C020059280200DA
:102CE000F0B5474680B400AF80460E1E34D0FFF7E3
:102CF000D5FD041E2AD0C369002B27D1FFF7BEFDE6
:102D0000E661301CFEF704F9002525736573A57391
:102D1000E57325746574A574E57432882282301CCD
:102D2000FFF78AFE608225733588281C062106F08D
:102D300025FA8EB2731E9E41281C062106F0DAF990
:102D4000301860734046FFF7B5FC07E00548FEF712
:102D5000F9FC0221484201E001204042BD4604BC8A
:102D60009046F0BDFC9D020080B500AF144B197871
:102D70000020012922D1134A13681A071ED11248D4
:102D80000168F0220A4006D1104B1868F021084073
:102D90004342584112E0102A06D10C480068F02244
:102DA00010404342584109E0302A06D1074B1868C9
:102DB000F02108404342584100E00020BD4680BD5C
:102DC000E00F00F0E40F00F0E80F00F0EC0F00F06F
:102DD00080B500AF0B4B1978002001290FD10A4AAA
:102DE00013681A070BD109490A68F0231340402BD6
:102DF00005D107480068F021084043425841BD46CC
:102E000080BDC046E00F00F0E40F00F0E80F00F0D6
:102E1000EC0F00F080B500AFFFF7A6FF002806D04A
:102E2000094A0A4B1A6080200102094A1160FFF723
:102E3000CFFF002805D00120C123D9008022D3056F
:102E40005850BD4680BDC046DFFF07C004050040A6
:102E5000186C004080B500AF1F231840012181404D
:102E6000014A1160BD4680BD00E100E080B500AFC1
:102E70001F231840012181408023024AD150BD46C2
:102E800080BDC04600E100E080B500AF1F231840C0
:102E900001218140081C802253000249C850BD46D0
:102EA00080BDC04600E100E080B500AF1F231840A0
:102EB00001218140081CC02253000249C850BD4670
:102EC00080BDC04600E100E0F0B500AF002814DA94
:102ED0000F230340083B9A089400114EA3195D6824
:102EE00003221040C000FF26341C8440A543890102
:102EF0000E40864035435D6010E08208094BC032C9
:102F00009200D55803242040C000FF24261C864090
:102F1000B54389010C4084402543D550BD46F0BDE2
:102F200018ED00E000E100E080B500AF00280EDA07
:102F30000F220240083A930899000B4A8B185968EF
:102F400003221040C000C1400906880F0AE0820831
:102F5000C0329100054BC95803221040C000C14047
:102F60000906880FBD4680BD18ED00E000E100E0D5
:102F700080B500AF064B5868C105CA0D0420002A71
:102F800004D0103A50B2FFF7CFFFC0B2BD4680BDAB
:102F900000ED00E080B500AF0323184043425841E4
:102FA000BD4680BD80B582B000AF7860C046C046E7
:102FB000C046C046C046C046C046C046C046C046E1
:102FC000C046C046C046C0467B68013B7B60002BC4
:102FD000ECD1BD4602B080BD80B500AFA123D900C1
:102FE000034A505011200321FFF76EFFBD4680BDFC
:102FF0000010014098B500AF0A4C80235802D1223E
:1030000091006050C1239A00A0501120FFF74CFF9F
:103010001120FFF71FFF012020602F20FFF7C2FFC4
:10302000BD4698BD0010014080B500AF1120FFF7EC
:103030001DFF084B80225002D2218A009850C221E5
:103040008A009850012058602F20FFF7ABFFBD4643
:1030500080BDC0460010014080B500AF024B034A5E
:10306000D058BD4680BDC046040500000010014098
:1030700080B500AF401A0102080ABD4680BDC046B7
:1030800080B500AFA823D900014A5050BD4680BD8D
:1030900000100140F0B5474680B400AF1D4B1D68DD
:1030A000C1000A1894006619B4461B4B1B68591CD2
:1030B00002D1194B186029E07268DC00E618B100F3
:1030C00069184C681E1CA24207D8A41A4C606146BD
:1030D0000B62114A106019E01E1C121B0B6A5C1C6B
:1030E0000CD0DC00E1188C0029194C689442F3D311
:1030F000D900C91889006918A41A4C6061464A6051
:103100000B62F2009619B300ED182862BD4604BCAC
:103110009046F0BDF82B0020082C0020B0B500AF81
:103120001D4B1C68621C35D084420ED01B490968B7
:10313000221C02E098422AD01A1CD500AB189D0030
:103140004B191B6A5D1CF5D124E0231C221C13487B
:103150000568E1000C19A0002D182C6A0E490C60BE
:103160000E480568DC00E318990068184468036A93
:10317000D1008A18900029180B625A1C0AD0DA0074
:10318000D31898002D1869680C196C6002E09342FE
:10319000DDD0E5E7BD46B0BD082C0020F82B0020AF
:1031A00080B500AF1120FFF76FFEBD4680BDC04661
:1031B00080B500AF1420FFF767FEBD4680BDC04656
:1031C00080B500AF114B1978114A13788B4217D094
:1031D0000131CBB2022B02D00C4A137002E0002165
:1031E0000A4B1970094A11788A000A4BD2580260BA
:1031F0000948016853181A02110A0160012002E00F
:10320000002101600020BD4680BDC046042C002086
:10321000052C00200C2C0020F02B0020F0B55F4680
:1032200056464D464446F0B483B000AF2E4B196865
:103230008A462E480478013CE4B22D4A9046002587
:10324000A94640E0E000424615682D182E7835E08A
:1032500071008819C2006B6898180136F2B2AE7816
:10326000B31A591E8B415E4216400178CAB2022A37
:1032700006D0032A22D11C4B1B685A1C11D11DE019
:103280004068C1000B189A001A490B689A189346B7
:10329000117D002912D0FFF741FF48465B461875A3
:1032A0000CE014490A68D800C318990050184B461E
:1032B0000375036A591CF6D10B4A13606B78B3424D
:1032C000C6D1013CE4B2FF2CBCD1074E3368514655
:1032D000581A431E9841BD4603B03CBC90469946DF
:1032E000A246AB46F0BDC046082C0020FC2B0020B7
:1032F000002C0020F82B0020F0B55F4656464D46C6
:103300004446F0B400AF8C4690461A4B19688B4681
:10331000194A14680026002220E0E5002B199B00C2
:103320005B445968884204D2134A1460081A5860F2
:1033300018E0401A76185A601A751D6AA9461D6968
:10334000002D0AD0B246E24451460902090A9960AA
:10335000DD604546296819622C604C46631CDCD14F
:1033600005480460BD463CBC90469946A246AB4623
:10337000F0BDC046F82B0020082C0020F0B55F46B9
:1033800056464D464446F0B483B000AF051C424B50
:103390001868386041490A78013AD4B27C60404EDE
:1033A000B146404B9B464048824664E07E68F3004D
:1033B00048460168CC18A04652E0EE007419A000FF
:1033C0005B4619680C182E1C256A23E07400A219AC
:1033D000D30040464168CA180136F6B2444606702A
:1033E0008378B34201D10021217056682D4C2168A9
:1033F0001378012B34D1F0008419A300CC18217D5F
:1034000000292DD19068A060D368E3601169216123
:103410005269E261A36852461168581A0202120A00
:103420002248824206D8181CFFF722FEE1684018A5
:1034300060600BE0081C191CFFF71AFEE168884267
:1034400002D20A1A626001E0002363600023A360D5
:10345000E3600122227551422162301CFFF71AFEFF
:103460006A1CAAD1424616785378B342AED1786826
:103470000138C1B279607968FF2997D1064D2C686F
:103480003A68A01A431E9841BD4603B03CBC904622
:103490009946A246AB46F0BD082C0020FC2B00202C
:1034A000002C0020F82B0020F02B0020FEFF7F00D6
:1034B000F8B54F464646C0B400AF80461D4B18686D
:1034C000421C30D01C4A1468C1000D18AE00A3196C
:1034D0005E68FFF7C1FD041C18480568201C291C04
:1034E000FFF7C6FD033081464246531C01D1FFF76A
:1034F00081FD4946B14200D2311C4B191E02350AEA
:10350000281CFFF7BDFDFFF7A7FD211CFFF7B0FD4D
:10351000061C281C211CFFF7ABFD0336864204D98C
:10352000FFF73EFE01E0FFF77FFDBD460CBC904675
:103530009946F8BD082C0020F82B0020F02B002025
:10354000F0B5474680B482B000AF0123584278609E
:1035500012490A689046124C2668381CFFF730FE64
:10356000041CFFF75BFE051C002C08D038684146A0
:103570003A1DFFF7C1FE7868FFF700FF06E07868A4
:10358000FFF7FCFE002801D1002D02D0301CFFF710
:103590008FFFBD4602B004BC9046F0BDF02B00206A
:1035A000082C002080B500AF4170BD4680BDC046EC
:1035B00090B500AF437801338278D21A541EA241ED
:1035C0005442234002789A4207D00B6041784B0066
:1035D0005C18E2004068801800E00020BD4690BD05
:1035E000F0B54F464646C0B483B000AF894690461A
:1035F0001E1CC000114B1D682D18281C391DFFF71B
:10360000D7FF041C0420002C12D0012121704A464F
:103610006260FFF721FDA0604046E0602661BE6A5F
:103620006661281C7968FFF7BDFFFFF7C1FD002028
:10363000BD4603B00CBC90469946F0BD002C00205E
:10364000B0B582B000AF0D1CC0000C4B1C68241834
:10365000201C391DFFF7ACFF011C0420002909D0F4
:1036600002220A704D60201C7968FFF79BFFFFF76C
:103670009FFD0020BD4602B0B0BDC046002C00201A
:1036800080B500AFFFF774FC012805D00338434232
:1036900043410220C01A00E00020BD4680BDC04664
:1036A00080B500AF0A4B1B68002B0BD08269C16943
:1036B000101C9847002809D0AA235900054AFCF796
:1036C00019FD03E0C2698169101C8847BD4680BDB1
:1036D000F42B00200C9E0200F0B5474680B400AFEA
:1036E000224B1C68621C3CD0FFF7B6FC20490968DD
:1036F000FFF7BEFC051CE000021996001D4B1C687C
:10370000A0194268954214D300261A49884608E059
:10371000E0000219910043461C6860184268AA4202
:1037200008D8AD1AB618046AFFF7BAFF621CEFD1C9
:1037300000E00026104D287810490B78834209D10B
:103740000130C4B2022C02D00C4A147002E00025F1
:103750000A48057009490B789C00094AA650FFF7F2
:1037600027FDBD4604BC9046F0BDC046082C002095
:10377000F02B0020F82B0020042C0020052C00202A
:103780000C2C002080B500AF0B4B0022A02148007C
:103790001A50A22148001A50A42148001A50A6210C
:1037A00048001A50802148001A50822148001A50BF
:1037B000FFF792FFBD4680BD0010014080B500AF0D
:1037C000FFF7BEFEBD4680BDF8B55F4656464D4686
:1037D0004446F0B400AF8346894692469846181C8A
:1037E000FFF7D8FB0721002865D04246002A62D0A7
:1037F000FFF71AFC384BBC6A1C6038484946017018
:10380000374D46462E604A46002A1BDD4046D3000F
:103810004B449D000024291C24398E08314A56430C
:10382000012333400470047524212430A9424AD175
:1038300008E00470047524300470047548312430A5
:10384000A942F6D14846C5004D44AE004644032483
:10385000254A1470254B1E60301C183051464D000F
:103860005544EB00002232707270B1707060C01865
:1038700032727272B172F06032747274B174C118C3
:103880007161012675421A4B1D601A4C22701A484C
:1038900002701420FFF708FB14200321FFF714FB2C
:1038A0001420FFF7D7FA5846FFF796FBFFF7D4FB33
:1038B000124A10600021081CBD463CBC9046994647
:1038C000A246AB46F8BD002BB3D00470047524317A
:1038D0002430A942ADD1B5E7F42B0020062C0020FE
:1038E000F82B0020398EE338FC2B0020002C002020
:1038F000082C0020042C0020052C0020F02B002098
:10390000F0B557464E464546E0B400AF82468C4679
:103910009046284B1D68002D2BD0002A2BD0002864
:103920002BD025480178002929DD2C78002C15D1D1
:1039300009E02A1C251C231C243324204042C05C9F
:1039400000282DD100E000220121297066466E700A
:103950004046A86155462A60002011E02C1C243402
:103960000026C80712D50136351E8D42E1DB042042
:1039700006E0082004E0072002E0072000E0042021
:10398000BD461CBC90469946A246F0BD0136321C8D
:10399000251C2434231C243B18780028E3D1D3E7CA
:1039A0000136321C1D1C1C1C24341B78002BDAD160
:1039B000CAE7C046F82B0020062C0020F0B5474689
:1039C00080B482B002AF041C0E1C9046134B1968E1
:1039D00000291ED0124A15780720A5421AD9042EB4
:1039E00018D9E00003199A0089180D780820012DD4
:1039F00010D14878012801D0002500E0351CFFF7E0
:103A00003FFE43460093211C321C2B1CFFF7E8FDB0
:103A100000E00820BD4604BC9046F0BDF82B002015
:103A2000062C002098B500AF041C0C4B1968002927
:103A300011D00B4A13780720A3420DD9E0000219D8
:103A40009300595C0820012906D1FFF719FE211CBB
:103A5000FFF7F6FD00E00820BD4698BDF82B0020DA
:103A6000062C002098B500AF041CFFF7F5FA206083
:103A70000020BD4698BDC04698B500AF141CFFF7A6
:103A8000F7FA20600020BD4698BDC04690B500AF53
:103A900000290BD00923002A09D0541E224206D146
:103AA0000160848000238360C36000E00E23181C43
:103AB000BD4690BD90B500AF031CC46880689A886D
:103AC000241A0420944207D8D86802401C68A154E4
:103AD000D9680131D9600020BD4690BD90B500AFD6
:103AE000031CC46882680520944209D098689C88A9
:103AF00004401A68105D08709968013199600020CF
:103B0000BD4690BD80B500AF1F2318400121814004
:103B1000014A1160BD4680BD00E100E080B500AF04
:103B20001F23184001218140081CC0225300024974
:103B3000C850BD4680BDC04600E100E0F0B500AF12
:103B4000002814DA0F230340083B9A089400114E12
:103B5000A3195D6803221040C000FF26341C844076
:103B6000A54389010E40864035435D6010E0820820
:103B7000094BC0329200D55803242040C000FF24D6
:103B8000261C8640B54389010C4084402543D5500E
:103B9000BD46F0BD18ED00E000E100E080B500AFEB
:103BA000C130FF3080000122A023D9054250BD461C
:103BB00080BDC04680B500AF8900C130FF308000B5
:103BC000A023DA058150BD4680BDC04680B500AF58
:103BD000120489001143C130FF308000A023DA05B0
:103BE0008150BD4680BDC04680B500AF0022054B68
:103BF0001A7005480121C1604160A023D9004250DC
:103C0000BD4680BD282C00200020004080B500AFBC
:103C1000074B1878012802D0022806D102E0FFF7EE
:103C2000E3FF02E0032202490A70BD4680BDC046A0
:103C3000282C002080B500AFFFF7D6FFBD4680BD21
:103C400080B500AF0E4B0421A022D00019500022F5
:103C5000842148001A508E2148001A5009495858AA
:103C600001229043585001214942A120C00019501F
:103C7000A220C00019509A601A60BD4680BDC0469F
:103C8000002000406C05000090B500AF0E4B0421F1
:103C9000A022D4001951002284214C001A518E21F7
:103CA0004C001A5109495C58012214435C50C478F5
:103CB000A221C9005C508078A124E10058509A608C
:103CC0001A60BD4690BDC046002000406C05000053
:103CD00080B582B000AF0123064AD3600648037066
:103CE00003213970054B1A68381C9047BD4602B055
:103CF00080BDC04600200040282C0020142C00204D
:103D000080B582B000AF104B1878022802D0012293
:103D10000E498A600E48F91DFFF7E0FE002802D028
:103D2000FFF7D6FF0DE0094B8022C22081005A50D8
:103D3000F87908495850022003490870C1208100D1
:103D40005A50BD4602B080BD282C00200020004003
:103D5000182C00201C05000080B500AF0F4B187810
:103D6000002802D0032816D112E00D4B0420A02217
:103D7000D1005850012018600A4BDA6899688A42CD
:103D800002D0FFF7BDFF06E00120044B187002E0EF
:103D9000022202490A70BD4680BDC046282C002080
:103DA00000200040182C002080B500AF034B18788D
:103DB000012801D1FFF7A4FFBD4680BD282C0020BB
:103DC00080B500AF054BDA689868824202D0FFF7F1
:103DD00097FF01E0FFF77CFFBD4680BD182C002057
:103DE00080B500AF074B1878002808D0022804D906
:103DF000032804D1FFF7F8FE01E0FFF7E1FFBD461D
:103E000080BDC046282C002080B500AF042811D802
:103E10008000094B19588F46FFF7F8FE0AE0FFF7BC
:103E20009BFF07E0FFF7DCFF04E0FFF7BDFF01E0C9
:103E3000FFF700FFBD4680BD409E0200B0B582B0D6
:103E400000AF051C0C1C0F4B18682840014209D01C
:103E50000D490878391D01F0FFFC00280FD17A6860
:103E600015409443074B1868204203D00120FFF708
:103E7000CBFF04E0284202D00020FFF7C5FFBD467B
:103E800002B0B0BD2C2C0020402C002080B582B0A8
:103E900000AF84235800264A1158002921D0131C52
:103EA0000020842251005850A320C2009B58D9B250
:103EB0002048FFF7FFFD002807D001233B70786002
:103EC0001D490A68381C90470BE01A49C8688A687F
:103ED000831A012B05D10021397017480268381C5C
:103EE00090478E204300124AD158002906D0002066
:103EF0008E23590050500320FFF786FF9222500076
:103F00000B490B58002B0FD0081C002192225300A4
:103F1000C1509021CB00C258C250022038707A6044
:103F200005490B68381C9847BD4602B080BDC046A5
:103F300000200040302C0020142C0020F0B5474613
:103F400080B482B000AF061C0D1C984600236B4C59
:103F500023706B4802600724002900D1C7E08A88DB
:103F600068480968FFF792FD041E00D0BFE0A96809
:103F7000AA896548FFF78AFD041E00D0B7E0707873
:103F8000FFF70CFE30780021FFF714FE71785F4DCB
:103F90005F4AA95033785F482B505F4AB168A950F7
:103FA0007579002D04D00E215C4D5848415103E035
:103FB00000205A4B554AD0503379022B58D1B07853
:103FC000FFF7ECFDB5780122101CA840051C544BEE
:103FD000A021C805C5504D4D01235842A221CB0058
:103FE000E850B078A121CB00E8504C496858104304
:103FF0006850F07882404B4D2A6000210322FFF781
:10400000E5FDF2783B6A1988002911D1012393401C
:104010001A1C4548191C454B01F036FB00285FD19E
:10402000414A11780802FF2505433B6A1D8004E0E0
:10403000FE2957D9080A3C4D28703B4A1078391D93
:1040400001F00AFC00284FD13749087801F04CFBF9
:1040500000284BD1F6780120B0407B68034203D1A1
:104060000120FFF7D1FE25E00020FFF7CDFE21E083
:10407000012B10D13A6A1588002D05D12C48037800
:10408000396A0B8001330370301CFFF7FDFD0126F8
:104090001A4A16700EE03E6A3288002A05D1244D75
:1040A0002878396A088001302870FFF7C9FD012699
:1040B000124B1E70154E01225142C22085007151D3
:1040C000A1239900C122900031500220FFF726FD64
:1040D00002204146FFF732FD0220FFF713FD06E004
:1040E000041C04E0072402E0041C00E0041C201C63
:1040F000BD4602B004BC9046F0BDC046282C00204E
:10410000142C0020302C0020182C0020002000400F
:104110000C05000014050000240500006C050000DB
:10412000040500002C2C0020402C00203D3E020005
:104130000824002080B500AF011C0248FFF7CEFC28
:10414000BD4680BD302C002098B500AF011C05484D
:10415000FFF7B0FC041C0220FFF756FE201CBD46F2
:1041600098BDC046182C0020F0B500AF041C002AF2
:1041700001D0108800E02E4800293FD0231C611890
:10418000E5436D18012215400602FF22000A06438E
:10419000B4B21E787440E0B2060974402003444073
:1041A000A4B2161C26407001604001338B4227D117
:1041B00024E00602000A10400643B4B21D786C40A9
:1041C000E6B23009444025036C40A4B2161C2640D8
:1041D000700160400402050A15402C43A6B25878CD
:1041E0004640F4B225096E4030034640B6B2141C76
:1041F00034406001704002338B42DAD1BD46F0BDDD
:10420000002DD6D00502000A10400543ACB21E783E
:104210007440E5B22809444026037440A4B2151C3A
:1042200025406801604001338B42C2D1E6E7C046B9
:10423000FFFF000072DF704779DF70477DDF704756
:1042400064DF704780B500AF0870000A4870022034
:10425000BD4680BDF0B54F464646C0B483B000AF02
:10426000061C8846151C1478A31C0C201F2B29DC67
:10427000717802311F2925DC1D20021B93B299465B
:10428000FB80A01C4044B91DFFF7D8FF002819D1BE
:104290003278022A03D1FB880922994507D2737824
:1042A000002B02D00822994501D2FB880822DBB2FC
:1042B000591C464631550134E4B232552A7802324F
:1042C0009B182B70BD4603B00CBC90469946F0BDC0
:1042D000F0B5474680B482B000AF061C0D1C0B78C9
:1042E00004330C241F2B15DCB81DFFF7A5FF041E9B
:1042F00010D1287803223254411CCBB21922F25437
:104300000230C1B288462970F8887118FFF79AFF09
:1043100040442870201CBD4602B004BC9046F0BD4D
:10432000B0B500AF051C1378DC1C0C201F2C0BDC77
:104330000220C8545C1CE0B20A240C54981CC4B27D
:104340000D55033313700020BD46B0BDF0B55F4678
:1043500056464D464446F0B485B000AF061C796021
:1043600091469B46B86B804602783A603388002BB2
:104370004BDD0024A2460024A00071680918381CF7
:104380000C300422FDF77CFD381C0C30391C0B313D
:104390000022FFF755FF051E47D1FA7A4A451DD185
:1043A0005346002B3BD132E0581CC2B278685946C4
:1043B000885402334246137041460A785A44381CE6
:1043C0000C30391C0B31FFF73BFF00280BD1404666
:1043D0000278FB7AD11801700120824601343288BC
:1043E000A242C9DC05E0051C1FE00C251DE00C25E0
:1043F0001BE05446002C18D03E68F1434346187821
:104400000C185E463A68B4540FE000250DE04046B3
:10441000037849465A1802321F2AC5DDE5E74346AC
:10442000187848441F28C7DDE1E7281CBD4605B0C1
:104430003CBC90469946A246AB46F0BDF0B583B071
:1044400002AF051C161C1C1CBB6900930222231C16
:10445000FFF77CFF002807D1B8690090281C311CA9
:104460001022231CFFF772FFBD4601B0F0BDC0460D
:1044700090B500AF021C03880720052B1AD90E49FE
:104480005C18A4B20D498C4214D95288052A11D95E
:10449000094C11198CB209498C420BD9084CA34222
:1044A00005D0A24205D09A429B41184002E000206C
:1044B00000E00020BD4690BD7FF3FFFF7DF30000CC
:1044C000FFFF0000F8B54F464646C0B400AF804637
:1044D0008946151C1678B31D0C241F2B1DD8FFF719
:1044E000C7FF041E19D1052049468855721CD3B256
:1044F0001220C8540236F6B22E704246108889192E
:10450000FFF7A0FE8119CEB22E70434658884A4666
:104510009119FFF797FE30182870201CBD460CBC7F
:1045200090469946F8BDC04680B500AF031C82880E
:104530000720002A09D09968002903D00B785A0770
:1045400002D402E0072000E00020BD4680BDC04646
:1045500080B500AF8388002B01D0072000E0002049
:10456000BD4680BDF0B5474680B400AF041C1D1C9D
:10457000406800281DD01B782688B046981C8446C9
:10458000C4440C2066461F2E14DC40460130D05433
:104590005E1CF0B211540233D9B22970501822882F
:1045A0006168FDF76DFC24782A7813192B700020C0
:1045B00000E00720BD4604BC9046F0BDF0B547467C
:1045C00080B400AF041C8846151C02792B78991C16
:1045D000961CF0B209180C201F2922DC0332464633
:1045E000F2545A1CD0B2FF2131540233DEB22E7085
:1045F000208843469919FFF725FE8219D6B22E70FE
:10460000A2880020002A0CD0A1680720002908D029
:1046100040468019FDF734FC247929780B192B705A
:104620000020BD4604BC9046F0BDC046F8B55F46CC
:1046300056464D464446F0B400AF82468946161CA5
:10464000006B002838D034235146CA5C002A35D08C
:1046500000241625AB466000031999005246156BDD
:104660006D183378297903314846C1545A1CD2B2A7
:10467000594681540233DBB2984633702888494644
:104680004144FFF7DFFD4044C0B23070AA88002AE1
:1046900009D0A968002913D04844FDF7F1FB2D7912
:1046A0003078411931700134E4B2534634229D5CB4
:1046B000A542D0D8002004E0072002E0002000E05E
:1046C0000720BD463CBC90469946A246AB46F8BD85
:1046D000F0B583B002AF041C0E1C151C0023137030
:1046E00001780020002905D0201C311CFFF7B2FD05
:1046F000002862D1A278002A05D0301C291CFFF7BF
:10470000E7FD002859D1A388002B07D0201D0121E7
:10471000321C2B1CFFF726FF00284ED1E168002930
:1047200007D000200856311C2A1CFFF7F9FD00288D
:1047300043D1228A002A09D0201C10300095022182
:104740000622331CFFF77AFE002836D1238B002B7C
:1047500009D0201C1830009503210722331CFFF7D5
:104760006DFE002829D1218C002909D0201C203081
:10477000009514211522331CFFF760FE00281CD180
:10478000A26A002A06D0101C311C2A1CFFF79AFED0
:10479000002812D1E36A002B06D0181C311C2A1CF9
:1047A000FFF70CFF002808D13421625C002A04D0F6
:1047B000201C311C2A1CFFF739FFBD4601B0F0BD9B
:1047C000B0B592B000AF041C0D1C00233A1C473258
:1047D0001370013A137000280FD0FFF7A5FE0028D0
:1047E00026D1201C391C24313A1C4732FFF770FFB8
:1047F00000281DD13C1C243400E00024002D0ED0E4
:10480000281CFFF7A5FE002812D1281C391D3A1CD0
:104810004632FFF75DFF3A1D002801D008E0002274
:10482000381C4730017801380378201CFFF702FD5F
:10483000BD4612B0B0BDC04675DF704776DF704729
:104840007ADF70477BDF704780B500AF4278110296
:104850000378081C1843BD4680BDC04680B500AF34
:10486000FFF7F2FF01231840BD4680BD80B500AFC1
:104870004388054A11880020994203D8024A51888A
:1048800099424041BD4680BD742C002080B582B065
:1048900000AF1A4B18881A4988422CD0194A13784D
:1048A0000133D9B21170184A137B8B420AD31749CE
:1048B000FFF7C2FF00281ED0134B996900291AD0B8
:1048C000884718E000210F4A11700F4B197C00290E
:1048D00009D03B21FFF7B2FF002804D00A4A9369B0
:1048E000002B00D0984708484169002903D00022D6
:1048F0003A71381D8847BD4602B080BD702C00203B
:10490000FFFF00004C2C0020502C0020742C0020B5
:1049100080B582B000AF1B48FFF7A8FF002822D166
:1049200019480378002B08D018484169002922D083
:1049300000223A71381D88471DE015490A78002A7F
:1049400002D1124B596801E010488168114A106881
:104950000022FFF733F800280DD00C498B69002B9B
:1049600009D0984707E0094B5969002903D0012273
:104970003A71381D88470020034B1870BD4602B0BD
:1049800080BDC046442C0020412C0020502C00202B
:104990004C2C00206C2C002080B500AF8288094B85
:1049A0001A80011C0E3108480822FDF769FA002020
:1049B00006490870064AD389002B01D1FFF7A8FFEA
:1049C000BD4680BD702C0020442C00204C2C0020C3
:1049D000502C002080B500AF811D04480822FDF74F
:1049E0004FFAFFF795FFBD4680BDC046442C00201E
:1049F00080B500AF01225042084B18800021084AC0
:104A0000117008480068FFF70DF8002804D0064B25
:104A10009969002900D08847BD4680BD702C0020D0
:104A20004C2C00206C2C0020502C002080B500AFB6
:104A3000C2880E4BD9898A4215D1C28B022A12D163
:104A40002030FFF70BFF002802D0FFF761FF0AE0DC
:104A500007480068FEF7E6FF002804D0034B996979
:104A6000002900D08847BD4680BDC046502C00209C
:104A70006C2C0020F8B500AF16490B1C021C70CA44
:104A800070C3191C70CA70C114680C600025124EE6
:104A90003570016800290AD0104C201C0822FDF74F
:104AA000EFF9201CFFF7CCFE002805D010E00B48E2
:104AB000FFF7C8FE00280BD101204242084B1A80A4
:104AC0000021084D297008480021084AFEF718FF08
:104AD000BD46F8BD502C0020412C0020742C002035
:104AE000702C00204C2C00206C2C00208D480200E3
:104AF00080B500AF0388112B0BD002D8102B10D13A
:104B000004E0122B0BD0502B0BD105E0FFF744FF34
:104B100007E0FFF76DFF04E0FFF788FF01E0FFF714
:104B200059FFBD4680BDC04680B500AF054B187823
:104B300001225040187004490B68002B00D09847A0
:104B4000BD4680BD802C00207C2C002080B500AFAD
:104B50000B780370497841700220BD4680BDC04685
:104B6000B0B500AF041C0D1C081CFDF709FB20802C
:104B70006560BD46B0BDC04680B500AF0870000A94
:104B800048700220BD4680BDA0DF7047A2DF70479D
:104B9000B0B500AF041C0D1E04D100203321144A0F
:104BA000FBF7A8FA002C04D100203421104AFBF7AF
:104BB000A1FA29682170FF2210022B680340190A0C
:104BC0006170FF221304296819400A0CA270E97869
:104BD000E1702A792271A9686171AA681040000AFF
:104BE000A071AD682B401B0CE371BD46B0BDC04643
:104BF000549E0200F8B500AF041C0D1E04D1002025
:104C00004B21134AFBF776FA002C04D100204C21EB
:104C10000F4AFBF76FFA2B7823706888611CFFF747
:104C2000ABFF461CF6B2A888A119FFF7A5FF301804
:104C3000C6B2E888A119FFF79FFF3118CAB2072A48
:104C400004D000205421024AFBF754FABD46F8BDB7
:104C5000549E0200F0B54F464646C0B48FB000AF38
:104C600081460E1C151C9846002904D100206D2198
:104C70001B4AFBF73FFA002D04D100206E21184A91
:104C8000FBF738FA0024BC61FC613C627C62BC62C8
:104C9000FC623C6302233B763A1C34320120907064
:104CA00049461180404603783B7041787970022074
:104CB000B870FC603C617A603C1CBC60BD813D8288
:104CC0007E61084E3088391C18313A1DBB6DFFF7E4
:104CD0005DFFBD460FB00CBC90469946F0BDC04686
:104CE000549E0200CC2C0020B0B586B002AF041C4C
:104CF0000123BB734D48B8810120391C0C314C4A4B
:104D0000FFF742FF051E00D08CE02288002A09D060
:104D1000231C3C334749009147486168FFF79AFFDD
:104D2000002872D12289002A09D0231C3C33434831
:104D300000904348E168FFF78DFF002867D1228A81
:104D4000002A09D0231C3C333E4900913E4861694A
:104D5000FFF780FF00285CD1228B002A09D0231C9A
:104D60003C333A4800903A48E169FFF773FF002866
:104D700051D1228C002A09D0231C3C3335490091A3
:104D80003548616AFFF766FF002846D1228D002A68
:104D900009D0231C3C33314800903148E16AFFF7C9
:104DA00059FF00283BD1216B00290FD0381DFFF798
:104DB000EFFE231C3C332B4A00922B48391D08225E
:104DC000FFF748FF002801D0051C2BE0636B002B88
:104DD0000AD019681A79231C3C33244800902448CF
:104DE000FFF738FF00281CD1A16B00291AD0381D0D
:104DF000FFF700FF231C3C331E4D00951E48391D54
:104E00000722FFF727FF051C0CE0051C0AE0051C24
:104E100008E0051C06E0051C04E0051C02E0051C7A
:104E200000E0051C281CBD4604B0B0BD0A180000F7
:104E3000CC2C00209C2C0020292A00008C2C002047
:104E4000242A0000BC2C0020252A0000B42C0020BD
:104E5000272A0000C42C0020262A0000842C0020D1
:104E6000282A0000942C0020232A0000A42C0020D3
:104E70002A2A0000AC2C0020502A0000A0DF704736
:104E8000A2DF7047A3DF704780B500AF4278110200
:104E90000378081C1843BD4680BDC04680B500AFEE
:104EA000FFF7F2FF01231840BD4680BD80B500AF7B
:104EB0008B884382BD4680BD80B500AF0123594237
:104EC0004182BD4680BDC046B0B582B000AF041C73
:104ED000037D002B17D0CA884089824213D1CD8B25
:104EE000022D10D12568002D0DD0081C2030FFF7B1
:104EF000D5FF002802D000233B7101E00121397168
:104F0000201C391DA847BD4602B0B0BDF0B54F46C4
:104F10004646C0B491B000AF051C0C1C037D002BAD
:104F200062D0381C2030002311220270497B41706E
:104F3000022686707B62BB62FB623B637B63FB6322
:104F400012223B1C24331A70061CBE63391C01223A
:104F5000BA722F48388108313B1D0026B146A07B2C
:104F60003871E67B7E710220B871FE1CB046207B52
:104F7000F8704E467E61BE61F9603B61BA823A8349
:104F80004246FA61A888AB1D1C313A1C0C32FFF76F
:104F900077FF002835D1A168002922D00823D8192D
:104FA0008046012686701B4A02803E1D4846B88016
:104FB000247C3C710222BA71381CFFF7C7FD4946B8
:104FC0007961B9614346FB603E61B88238833E1C1B
:104FD000FE61E8882A1C0E32391C0C31FFF752FFA3
:104FE0000FE00024EC810CE000207862B862F862E7
:104FF00038637863F8630222391C24310A70002672
:10500000A3E7BD4611B00CBC90469946F0BDC04622
:10501000192A00000829000080B500AF0B88112B69
:1050200006D0502B07D0102B07D1FFF73FFF04E02D
:10503000FFF742FF01E0FFF747FFBD4680BDC046D6
:10504000B0B582B000AF041C0D1C0B6803600120DA
:10505000414261822A79227521740123BB7108487B
:10506000B880221D0120391DFFF708FF002803D159
:10507000201C291CFFF74AFFBD4602B0B0BDC04648
:105080000F18000080B582B000AF7860C046C046FF
:10509000C046C046C046C046C046C046C046C046E0
:1050A000C046C046C046C0467B68013B7B60002BC3
:1050B000ECD1BD4602B080BD90B583B000AF786042
:1050C0007B68002B09D0064C786801387860201C7A
:1050D000FFF7D8FF79680029F6D1BD4603B090BD2F
:1050E000E703000080B500AF00280EDA0F2202406F
:1050F000083A930899000B4A8B185968032210400C
:10510000C000C1400906880F0AE08208C032910041
:10511000054BC95803221040C000C1400906880F42
:10512000BD4680BD18ED00E000E100E02BDF7047D8
:105130002CDF704780B500AF064B5868C105CA0D1B
:105140000420002A04D0103A50B2FFF7CBFFC0B2BF
:10515000BD4680BD00ED00E080B500AF03231840E0
:1051600043425841BD4680BD80B500AF044B1A880C
:105170000021824201D90130C1B2081CBD4680BD68
:10518000DC2C0020F8B54F464646C0B400AF81463F
:105190008846161C114B1D7811490C780520A54234
:1051A00017D00C1C0D780878FFF7DEFF20700D4833
:1051B00003886B430C4A1168CC1848460460ED0024
:1051C0000A4B1A6851198C88404604800D68356076
:1051D0000020BD460CBC90469946F8BDDB2C002053
:1051E000DA2C0020D82C0020D42C0020D02C002039
:1051F000F8B500AF061C0D1C141C101CFFF7ACFF0B
:10520000021C0720002A11D0094B1C60681CC10039
:105210008AB2A418074B1C60002007490870074A8F
:105220001070074C2680074E35800020BD46F8BD23
:10523000D02C0020D42C0020DB2C0020DA2C0020E5
:10524000D82C0020DC2C0020F0B557464E464546B1
:10525000E0B482B000AF061C0C1C9046304B1D8899
:1052600009208D4255D30020F871FFF763FF051E1A
:10527000012D0CD0F81DFFF759FF022801D172B69D
:1052800005E0002803D05921264AFAF733FF2649C2
:105290000878FFF769FF254A1378984209D0224918
:1052A00089460A7892460878FFF75EFF4B461870E9
:1052B00001E01F488246012D0BD062B6F879FFF756
:1052C00037FF022805D0002803D06121154AFAF7DC
:1052D00011FF0420164DAA451BD05046C100154AA7
:1052E00013685D1840462860002E0FD0002C0DD0AA
:1052F0000B490B88524653430F480168C818311CAC
:10530000221CFCF7BDFDAC80002002E00026AE8030
:105310000020BD4602B01CBC90469946A246F0BD96
:10532000D82C00208C9E0200DB2C0020DA2C0020E0
:10533000FFFF0000D02C0020D42C002080B584B0CA
:1053400000AF03E07989F8687B689847381C0C3017
:10535000391C0A313A1DFFF715FF0028F2D0BD466F
:1053600004B080BD80B500AF1F23184001218140EB
:10537000014A1160BD4680BD00E100E080B500AF8C
:105380001F23184001218140081CC02253000249FC
:10539000C850BD4680BDC04600E100E0F0B500AF9A
:1053A000002814DA0F230340083B9A089400114E9A
:1053B000A3195D6803221040C000FF26341C8440FE
:1053C000A54389010E40864035435D6010E08208A8
:1053D000094BC0329200D55803242040C000FF245E
:1053E000261C8640B54389010C4084402543D55096
:1053F000BD46F0BD18ED00E000E100E080B500AF73
:105400000323184043425841BD4680BDF0B55F4676
:1054100056464D464446F0B483B000AF0023012207
:105420009346A024E205284DAC46C026B402A1460E
:105430008025AE02B0465C469C40214215D0C5682E
:10544000254203D12C43C460C24602E0A543C56097
:10545000CA46E02674001D19AC00A65865462E40C9
:10546000A650A65855462E43A65001331D1C5C4637
:105470009C40214223D007E0BD4603B03CBC90468F
:105480009946A246AB46F0BDC66826420DD111E052
:10549000C135FF35AD00AC58261C64462640AE50E1
:1054A000AE587C683443AC5009E0A643C6604E4613
:1054B0007E60EDE73443C46044467C60E8E7013336
:1054C000202BB8D1D8E7C046FFFFFCFFF0B500AFF6
:1054D000830018188100174A1468641800230120FB
:1054E000A025EA05144EB446011C994025680D42DA
:1054F00009D0E02671005D18A9008D586646354038
:105500008D508D588D500133191C051C9D40266807
:105510002E420BD001E0BD46F0BDC131FF31890004
:105520008D58664635408D508D588D500133202B57
:10553000DAD1F0E7E42C0020FFFFFCFFF0B55F4676
:1055400056464D464446F0B483B000AFA223D8007F
:10555000A022D1050E580024BE256B002848C45057
:10556000284A1178002942D00024274DAA46012359
:105570009B4626488146524611685D46A5404B46EB
:10558000186828422DD0A2001519AB00CD18E86884
:105590007040296881438846281CFFF737FFA22105
:1055A000CB00A022D005C15871400DD00E43EB684E
:1055B00073402A689A437A60281C111CFFF726FF63
:1055C0004146786801438846A96843461940B1437B
:1055D000404630406A681040031C0B4301D02D69DF
:1055E000A8470134E4B207490878A042C3D8BD46B1
:1055F00003B03CBC90469946A246AB46F0BDC046BF
:1056000000600040DE2C0020E42C0020E02C002074
:10561000B0B500AF051C0C1E28D0081CFFF7EEFE2D
:10562000011C0720002922D0124B1C601248057073
:105630000021124A1170124B1960A8004519AA00E6
:10564000201C0021FCF748FC01246142C222930087
:105650000C48C1500620FFF791FE06200121FFF7FC
:105660009DFE0620FFF77EFE002000E00720BD46DD
:10567000B0BDC046E42C0020DF2C0020DE2C002032
:10568000E02C002000600040F8B500AF134C246807
:10569000002C1CD0002B1CD0114D2E78114D2D78D4
:1056A000AC460425B44515D9B500AD19AD00641953
:1056B000151C0D4325606160A26023610670721C99
:1056C000074B1A70301CFFF701FF002502E0082588
:1056D00000E00725281CBD46F8BDC046E42C00208C
:1056E000DE2C0020DF2C0020F0B55F4656464D46EC
:1056F0004446F0B400AF031C3D4A1668002E54D057
:105700003C490C7807209C4250D90025BE2042001D
:1057100039498D50A224E500A020C2055159884680
:10572000364C2268002A05D180252906C120850033
:10573000314C6151012199400A43304802609A007E
:10574000D3189D0071190023CB600125A026F20516
:105750002B4CA44680208602B146281C98400C6839
:10576000044218D0C026B402A3464646064203D1DE
:10577000CC682043C860CB46E02046009C19A000BE
:105780008658341C6646344084508458A2465C4691
:1057900056463443845001331C1C281C98400E6824
:1057A000064221D009E0002000E00820BD463CBCB4
:1057B00090469946A246AB46F0BDC026B602B34617
:1057C000464606420BD0C134FF34A400A0586646BA
:1057D0003040A050A0585E463043A05004E0CE6850
:1057E0003043C860CB46EEE70133202BB5D1DAE772
:1057F000E42C0020DE2C002000600040E02C002083
:10580000FFFFFCFF98B500AF041C0F4B1868002881
:1058100017D00E490A780720A24213D9201CFFF79F
:1058200055FE0123A3400A48016899430160002006
:10583000002907D180221406C2239900054A54503A
:1058400000E00820BD4698BDE42C0020DE2C00209E
:10585000E02C00200060004090B500AF0C4B1B68AE
:10586000002B11D00B4A1478072284420DD9A222B2
:10587000D200A024E405A258840020188400E35834
:1058800013400B60002200E00822101CBD4690BDB2
:10589000E42C0020DE2C002023DF70474EDF704711
:1058A00010DF704780B500AF0323184043425841D2
:1058B000BD4680BD60DF7047C1DF704780B500AF77
:1058C000081C111CFAF76AFCBD4680BDF0B55746AE
:1058D0004E464546E0B482B000AF354B18780028FC
:1058E0005ED034490C6863425C41334A15686B42B0
:1058F0005D41324E366873425E41012399462D4820
:105900008246002C11D1381DFFF7C8FF05280BD0A7
:10591000002804D069212A4AFAF7ECFB05E07868F0
:1059200051460A68904700E04C46002D18D1254B9F
:105930001888B88024490A689046101C391DFFF762
:10594000B9FF05280BD0002804D080211C4AFAF7A3
:10595000D1FB05E0184B19684046884700E04D46EA
:10596000002E17D1184802689046111C01310232EE
:105970004046FFF7A1FF05280BD0002804D098214E
:105980000F4AFAF7B7FB05E00C4A13684046984700
:1059900000E04E46002CB4D0002DB2D0002EB0D086
:1059A000BD4602B01CBC90469946A246F0BDC0461A
:1059B000E82C0020F02C0020F82C0020EC2C0020FB
:1059C000C49E0200EA2C0020F42C0020F8B54F46BB
:1059D0004646C0B400AF061C0C1C914698461BD02E
:1059E000081CFFF75FFF051C0720002D15D00D4B8D
:1059F0001C600D484A4602800C4944460C60301C2D
:105A00000B49FFF74DFF002807D10126094D2E70E5
:105A10001620FFF741FF00E00720BD460CBC904672
:105A20009946F8BDF42C0020EA2C0020FC2C002024
:105A3000BD580200E82C002080B500AF002803D03C
:105A4000034B1860002000E00E20BD4680BDC0461C
:105A5000F82C002080B500AF002803D0034B18605D
:105A6000002000E00E20BD4680BDC046EC2C00208A
:105A700080B500AF002803D0034B1860002000E081
:105A80000E20BD4680BDC046F02C002080B500AF82
:105A9000084B1868002808D08047002807D09921B3
:105AA0004900054AFAF726FB01E0FFF70FFFBD4664
:105AB00080BDC046FC2C0020C49E020080B584B08E
:105AC00000AF1D4B1878022807D0032819D00128F1
:105AD0002FD1012219494A622BE000203871B860A9
:105AE000F860174A1168002904D10020BA21154A2C
:105AF000FAF700FB124B1B687868B968FA68984798
:105B000017E001233B710D480F4A8158B9600F4BD4
:105B1000C058F8600A4A1168002904D10020C32146
:105B2000084AFAF7E7FA064B1B687868B968FA681A
:105B30009847BD4604B080BD142D002000400040B1
:105B40000C2D0020009F02003C0500004C050000C9
:105B500080B500AF024B1870FFF7B0FFBD4680BDA7
:105B6000142D002080B500AF942358001B4A115813
:105B700000291FD000209423590050501848037862
:105B8000012B17D117490868131C174A9850174959
:105B90000868174A985017490868A722D10058503A
:105BA00015480168A922D0001950012199620220EC
:105BB000FFF7CEFF82235800084A115800290AD067
:105BC0000020822359005050054A1078022802D143
:105BD0000320FFF7BDFFBD4680BDC046004000402A
:105BE000142D0020082D002044050000102D002059
:105BF00034050000042D0020002D002080B500AFEA
:105C0000084B094A1360191C103108480160191C1F
:105C10002031074A1160074807490B500120BD4653
:105C200080BDC0461C2D00204C2D0020502D002092
:105C3000182D00200405000000E00040B0B500AFC2
:105C4000051C1A4B1868814202D01022FCF718F983
:105C50001748002180225400015101230360802055
:105C6000430413498022500004E0013B0A58002AF3
:105C700017D002E00C58002CF7D0002180235800E8
:105C80000B4C21500B4A11688D4207D0281C102262
:105C9000FCF7F6F8012002E0002000E00120BD46FC
:105CA000B0BD013B002BE5D1F6E7C046502D0020EA
:105CB00000E00040182D002080B500AF011C034B10
:105CC00018681022FCF7DCF8BD4680BD4C2D002082
:105CD00080B500AFBD4680BD80B584B002AF7F23E4
:105CE00018403871797100230093084802213A1D49
:105CF000FCF79EF80238431E9841002803D02B2160
:105D0000034AFAF7F7F9BD4602B080BD542D0020D2
:105D1000309F020080B500AF3720A221FFF7DCFFE3
:105D2000BD4680BD80B584B002AF80235A42104387
:105D30003871002078710091084801213A1D012333
:105D4000FCF776F80138431E9841002803D0222141
:105D5000034AFAF7CFF9BD4602B080BD542D0020AA
:105D6000309F020080B582B000AF6A20F91DFFF7B6
:105D7000D9FFF9792023994310200143F9716A2052
:105D8000FFF7AAFFBD4602B080BDC04680B500AF98
:105D9000011C1E20FFF7A0FFBD4680BD80B500AFEF
:105DA00080235901C140081CBD4680BD98B500AF95
:105DB000041C3C20211CFFF7B5FF611C3B20FFF7B2
:105DC000B1FFA11C3E20FFF7ADFFE11C3D20FFF716
:105DD000A9FF211D4020FFF7A5FF611D3F20FFF710
:105DE000A1FF0620BD4698BD80B500AFC100C9B275
:105DF0001C20FFF771FFBD4680BDC04680B582B054
:105E000000AF3A20F91DFFF78DFFF879BD4602B0CB
:105E100080BDC04680B500AF8108C9B21F20FFF722
:105E20005BFFBD4680BDC046B0B582B000AF041C6C
:105E30000D1C38200021FFF74FFF23200021FFF722
:105E40004BFF6A200021FFF747FF6B200021FFF77F
:105E500043FF6C200721FFF73FFF1D20F91DFFF7CF
:105E600061FFF979082319431D20FFF735FF6920E9
:105E7000C021FFF731FF281CFFF7CCFF1E20211C9B
:105E8000FFF72AFF6B202821FFF726FF201CFFF7D2
:105E900085FF001B0C30FFF70FF9FFF7AFFF38202D
:105EA0004021FFF719FFBD4602B0B0BD0000000061
:105EB000F0B591B000AF0023BB63BB87BB61FB6152
:105EC0003B627B62BB62FB623B63BB86FA26B60029
:105ED000381C3030FFF76AFF30203A5EBA60D017C6
:105EE000F860BC69FD69BA68FB68A4185D41BC61D3
:105EF000FD6132217D5E3D60E91779603C6A7D6A13
:105F00003868796824184D413C627D6234217A5E9C
:105F1000141CD517B96AFA6A09196A41B962FA629A
:105F2000013EB6B2381C3030FFF740FF3022BD5E74
:105F3000BD60EC17FC60BA69FB69B868F9681218B3
:105F40004B41BA61FB6132217D5E3D60EB177B60A6
:105F50003C6A7D6A3A687B68A4185D413C627D6258
:105F60003421785E041CC517B96AFA6A09196A41B6
:105F7000B962FA62013EB6B2002EA9D1B869F969D8
:105F8000624B614A03F066F93886386A796A5F4B7A
:105F90005D4A03F05FF97886B86AF96A5B4B5A4A42
:105FA00003F058F9B8865A48FBF7CCFB5948FBF781
:105FB000C9FB381C30300221FBF7D8FB564D281C9A
:105FC000FBF7C0FB5548FBF7BDFB381C3230022104
:105FD000FBF7CCFB281CFBF7B5FB5148FBF7B2FBEA
:105FE000381C34300221FBF7C1FB4E48FBF7AAFBFB
:105FF0003C1C38347720391C3931FFF793FE782068
:10600000211CFFF78FFE7A20391C3B31FFF78AFEF7
:106010007B20391C3A31FFF785FE7D20391C3D314C
:10602000FFF780FE7E20391C3C31FFF77BFE238882
:106030005A082280608841086180A6887508A5807A
:106040003948FBF77FFB201C0621FBF78FFB0D2057
:10605000FBF76CFB0A20FBF769FB344E301CFBF7A7
:1060600071FB22883B8ED01A208061887D8E4A1B6E
:106070006280A088BB8EC11AA1802D48FBF762FB0D
:10608000201C0621FBF772FB0D20FBF74FFB0A20BB
:10609000FBF74CFB301CFBF755FB26887500AAB2BA
:1060A0002580608843006380A1884E00A680110A85
:1060B0007720FFF711FE21787820FFF70DFEE178B9
:1060C0007A20FFF709FEA1787B20FFF705FE6179B2
:1060D0007D20FFF701FE21797E20FFF7FDFD6A207C
:1060E000391C1731FFF71EFEFC7D620602D5042520
:1060F0002C43FC75F97D6A20FFF7EEFDBD4611B01B
:10610000F0BDC046C046C046E803000000000000E5
:10611000889F0200A89F0200B09F0200B49F020067
:10612000BC9F020048A30200C49F0200BCA1020061
:10613000D49F0200C046C04680B500AF0B48FBF7B5
:1061400001FB6B208021FFF7C7FD6420FEF7B4FF41
:106150006820FF21FFF7C0FD6A200121FFF7BCFD89
:106160006420FEF7A9FFBD4680BDC046E49F020043
:1061700080B500AF1420002100F0E2FCBD4680BDD8
:1061800080B500AF1420012100F0DAFC142000F0EB
:10619000C7FCBD4680BDC046F0B54F464646C0B4BC
:1061A00087B004AF2824E55DAC462C26F45DA146FB
:1061B0003025EE5D3424E55DA8463D8F64460094AD
:1061C0004C4601941B4C0294FBF7A6FC041E03D022
:1061D0001948FBF7B7FA26E0FFF7AEFF7520F91D67
:1061E000FFF7A0FDFB79702B12D01448FBF7AAFA39
:1061F000F81D0121FBF7BAFA0D20FBF797FA0A20E8
:10620000FBF794FA0120B12189000D4AF9F772FFDA
:10621000FFF780FD4046FFF7E7FDFFF7A3FD301CC9
:10622000291CFFF701FE201CBD4603B00CBC9046A4
:106230009946F0BD542D0020F09F020018A00200E6
:10624000309F020080B500AF002A01D1081C04E095
:1062500050434018511C02F09BFFBD4680BDC04614
:1062600090B500AF012819D00238002811DD11497E
:10627000431E0122141C1C400F4A0123834210DBE1
:1062800008E04A43D40B4C43E20B02338342F8DB71
:1062900000E0084A09484243D00B00E00120BD4617
:1062A00090BD002CEDD04A43D20B01338342E8DB92
:1062B000F0E7C04648810000938200003C0A0000DD
:1062C00090B585B000AF7860F970081E3CD0FFF73C
:1062D000C7FF011CB86020487B68584302F00AFFE2
:1062E000F8601E49421801201D4CA24230D91D48B9
:1062F000FBF728FA381C0C300421FBF737FA1A4C4C
:10630000201CFBF71FFA1948FBF71CFAF81C0121A7
:10631000FBF72CFA201CFBF715FA1548FBF712FACD
:10632000381D0421FBF722FA201CFBF70BFA114859
:10633000FBF708FA381C08300421FBF717FA201C79
:10634000FBF700FA002003E00B48FBF7FBF9012004
:10635000BD4605B090BDC0461027000077ECFFFF9A
:106360000E2700004CA00200BCA1020054A00200B5
:106370005CA0020060A0020068A00200F0B55F46C9
:1063800056464D464446F0B487B000AF00233B610B
:10639000BB82BB81BB73FFF7F3FE1420FEF78CFEBC
:1063A000FFF7E6FE1420FEF787FEFFF7C5FE142078
:1063B000FEF782FE1D200221FFF78EFC1C2000212B
:1063C000FFF78AFC1420FEF777FE00227A609046E1
:1063D00092460024381C1030FFF7E8FC1023F95EC9
:1063E0005046221CFFF72EFF81461222B95E40461E
:1063F000221CFFF727FF061C1423F95E7868221C75
:10640000FFF720FF051C0120FEF756FE0134381C63
:106410001030FFF7CBFC1022B95E4846221CFFF774
:1064200011FF82461223F95E301C221CFFF70AFF7F
:1064300080461422B95E281C221CFFF703FF7860F7
:106440000120FEF739FE0134C82CC3D11C20E02105
:10645000FFF742FC1420FEF72FFE00203861B882BF
:106460000026B14683460025381C1030FFF79EFCFD
:106470001023F95E58462A1CFFF7E4FE83461222D9
:10648000B95E48462A1CFFF7DDFE81461423F95EFB
:10649000301C2A1CFFF7D6FE061C0120FEF70CFE5E
:1064A0000135381C1030FFF781FC1022B95E5846C8
:1064B0002A1CFFF7C7FE83461223F95E48462A1CB2
:1064C000FFF7C0FE81461422B95E301C2A1CFFF77C
:1064D000B9FE061C0120FEF7EFFD0135C82DC3D122
:1064E0002820FEF7E9FD59465346C81AFFF7F0FB8E
:1064F000041C48464246801AFFF7EAFB82467D6844
:10650000701BFFF7E5FB061C0D20391C0C31FFF753
:1065100009FC0E20391C0D31FFF704FC0F20391C3B
:106520000E31FFF7FFFB1420FEF7C6FD397B201C60
:10653000FFF7C6FE002810D0797B5046FFF7C0FE5B
:1065400000280AD0B97B301CFFF7BAFE002804D01F
:106550000848FBF7F7F8002004E00748FBF7F2F8DB
:1065600001214842BD4607B03CBC90469946A24630
:10657000AB46F0BD6CA0020074A0020023DF7047A0
:1065800027DF704728DF704780B500AFC130FF308C
:1065900080000122A023D9054250BD4680BDC046DF
:1065A00080B500AF01238340181CA121CB00A0229D
:1065B000D105C850BD4680BD80B500AF01238340E2
:1065C000181C0349A022D3055850BD4680BDC046C3
:1065D0000C05000098B500AF3A4B19883A4A914231
:1065E0000CD98B0059188800384A8018FA24A10069
:1065F00002F0CEFD6430364B18705EE035488142C3
:106600003AD95A22514334480818FA2102F0C0FD01
:10661000011C0A31CCB2201C032102F0AFFDCB4398
:10662000E218D0B22A490870622804D962200870A2
:10663000622000230FE0092805D80A22244B1A7093
:1066400001230A2005E00023462484425B412728D9
:1066500001D80133DBB221490C88214A1188CB1AB9
:106660009C4202DD01301A4A10709C4225DA18481B
:106670000478013C047020E01A4C23888B4202D934
:10668000C839184A118017490C881748844203D921
:1066900009240F4B1C7010E0144B9C4203D80020BF
:1066A0000B49087009E0E2001119114C0819C823C0
:1066B000590002F06DFD064A107005490878BD4684
:1066C00098BDC046682D0020B80B0000A015FFFF44
:1066D000622D0020BE0A00003439FCFF642D00202A
:1066E000662D00205C2D0020280A0000970800007D
:1066F000A8B2FFFF80B500AFA023D800074A115809
:10670000002903D00020A023D900505000220448C3
:1067100002700020FFF744FFBD4680BD00700040BE
:106720005F2D002098B500AF041C164B1888002878
:1067300012D115490888201A144A5043144902F00E
:10674000D9FC4300191888000A2102F0D3FC114A31
:1067500010800C48048013E0A04211D90A490A882D
:10676000A01A0A4B58430A4902F0C4FC4100081819
:1067700080000A2102F0BEFC064A1080014B1C80FA
:10678000BD4698BD662D0020602D0020D51B000061
:10679000FF0300005C2D002080B500AF0F4B19886F
:1067A000002918D189225300984207D9FE210C4BA9
:1067B0001970852250000B4908800CE00A49884274
:1067C00007D8FD20064B187085214A000548028035
:1067D00001E0044A1080BD4680BDC046662D002001
:1067E000622D0020602D00200101000098B500AF4F
:1067F000114B188011490A88041E944200D2141CBF
:106800000F480388E11A0F4848430F4902F072FC11
:1068100042001418A0000A2102F06CFC84B20B485C
:1068200004800B4B1978A02902D8201CFFF7D2FE58
:10683000201CBD4698BDC046642D0020662D00205A
:10684000602D0020D51B0000FF030000682D0020F4
:10685000622D002080B500AF022907D0032909D09E
:10686000012909D1FFF75EFF202008E0FFF794FF20
:10687000802004E0FFF7BAFFFFF73CFF0020BD4691
:1068800080BDC04698B500AF80235800244A1158F7
:10689000002941D0141C002380204200A350A121D4
:1068A000CB00E05880B2012262601E4C2368002BAE
:1068B0002CD01D4C21784AB2002A08DD4C1C1A4A03
:1068C000147049B289B29847002825D00BE0174BC5
:1068D000984204D8012414490C70802003E001314F
:1068E000114801700820124C23785A1E2270002B88
:1068F00012D010490870000202242043084B0E4AAF
:106900009850002159600120186007E009490A7871
:10691000802A01D1FFF76AFFFFF7ECFEBD4698BD64
:10692000007000406C2D0020702D0020FF02000040
:106930005E2D00205F2D00200405000080B500AF13
:10694000002802D00022034B1A8003480088BD466D
:1069500080BDC046662D00205C2D002080B500AFB4
:10696000014B1878BD4680BD622D002080B500AF78
:106970000023094A13700948038085214800084A0A
:10698000108008490B800020FFF70AFE0020FFF767
:10699000FBFDBD4680BDC0465F2D0020642D00205C
:1069A000602D0020662D002080B500AF0020FFF78D
:1069B00003FEBD4680BDC04698B500AF2B4B1860A6
:1069C000002908D001222A4B1A708020294C2070FF
:1069D000294A117007E0FFF7E7FFFD222448027003
:1069E0000821244C217024490B78013B3F2B02D90C
:1069F0004020214C2070214B0122C12188001A50D7
:106A00001C4C21780802022420431D4958500020C4
:106A1000802461005850A020C4001A510720FFF7BD
:106A2000AFFD002804D0D4235900164AF9F762FBC1
:106A300007200321FFF7A6FD002803D01249114AC1
:106A4000F9F758FB0720FFF799FD041E04D0D72261
:106A500051000C4AF9F74EFB0848002180235A00E8
:106A6000815001210160201CBD4698BD6C2D002085
:106A7000702D00205F2D00205E2D00200070004052
:106A8000040500007CA00200AB01000080B500AF4F
:106A900002480021FFF790FFBD4680BD5568020007
:106AA00080B500AF0022084B1A8008480178A02961
:106AB00002D9A022054B1A7001F036F904480021D2
:106AC000FFF77AFFBD4680BD662D0020622D0020B5
:106AD0005568020080B500AF01238340181CA12136
:106AE000CB00A022D105C850BD4680BD80B500AF07
:106AF00001238340181C0349A022D3055850BD46EA
:106B000080BDC0460C05000080B500AF002902D151
:106B1000FFF7ECFF01E0FFF7DDFFBD4680BDC0469B
:106B200080B500AFE0235900421892000349A0232A
:106B3000DB05D150FFF7DAFFBD4680BD030400003E
:106B400098B500AFE0235A008418A2000324A023C4
:106B5000DB05D450FFF7D8FFBD4698BD80B500AF28
:106B6000C130FF3080000222A023D9054250BD462B
:106B700080BDC046F0B500AF002B0DD101268E4080
:106B8000194CA025ED052E51A22674000519AD0063
:106B9000164E174C2E510DE001268E40A124E40024
:106BA000A025ED052E51A22674000519AD00114E49
:106BB0000F4C2E51C046C046C0460D4C85000126E4
:106BC0002E5109020325294316040A1C32431905D4
:106BD000131C0B434530FF3080000351C046C046B4
:106BE000C046BD46F0BDC0460C050000031F0200B4
:106BF00000600040031F010080B500AF4530FF304A
:106C00008000024A024BC250BD4680BD001F0300F7
:106C10000060004080B500AF01238340181CA12113
:106C2000CB00A022D105C850BD4680BD80B500AFC5
:106C300001238340181C0349A022D3055850BD46A8
:106C400080BDC0460C05000080B500AF002902D110
:106C5000FFF7ECFF01E0FFF7DDFFBD4680BDC0465A
:106C6000F0B5474680B400AF314A0023A621480062
:106C7000135001246542C226B10055502D4A1360BD
:106C80002D4C2E4D2A4E98000259002A10D19A0000
:106C900090462B4BD058FFF7AFFF2A48424610587A
:106CA0000021FFF7D1FF0021274B4046C1502BE0C8
:106CB00029688A4210D39A00904621495058FFF71C
:106CC0009BFF2048424610580121FFF7BDFF0021DD
:106CD0001D4B4046C15017E05200A82041005818F3
:106CE00081008A519900184BCA58002A0CD1884655
:106CF000134BC858134A895803220123FFF73AFF60
:106D00000121114B4046C1500A4A136801331360F8
:106D10000E4908789842B6D2054C08258026B20064
:106D2000A55001232360BD4604BC9046F0BDC0467B
:106D300000A00040742D00204C360020703600204A
:106D400090A002005836002064360020092400205C
:106D500080B582B000AFBD4602B080BD80B500AF47
:106D6000BD4680BD80B500AF024B18600248BD46ED
:106D700080BDC046782D00200C24002074DF7047B1
:106D800080B584B000AFF880022921D003D8012952
:106D900000D0BBE005E0032931D0042900D0B5E0E4
:106DA0005CE0F888FFF7BEFCFA885A4B1A805A4814
:106DB000FAF7C8FCF888010AF960381C0C30012188
:106DC000FAF72EFDB81D0121FAF7D0FC20209EE035
:106DD000F888FFF7E1FCF888504B18805048FAF724
:106DE000B1FCF9880A0AFA60381C0C300121FAF764
:106DF00017FDB81D0121FAF7B9FC802087E0F8885B
:106E0000FFF7F4FCB860FA88464B1A804248FAF75C
:106E100099FCF888010AF960381C0C300121FAF756
:106E2000FFFCB81D0121FAF7A1FC3F48FAF78AFCE4
:106E3000B868FA22910002F05DF9F860381C0C3055
:106E4000FAF780FD3948FAF77DFC381C0830FAF76C
:106E500079FD3748FAF776FC802058E0354A1078FB
:106E6000FFF76CFDB8603048FAF76CFCB868FA239D
:106E7000990002F03FF9F860381C0C30FAF762FD17
:106E80002A48FAF75FFC381C0830FAF75BFD2848FF
:106E9000FAF758FCFFF762FDB860032102F06EF9C3
:106EA000F96001290CD0002902D002290BD103E09E
:106EB0002148FAF747FC06E02048FAF743FC02E0D5
:106EC0001F48FAF73FFC381C0830FAF73BFD15481D
:106ED0000188104A1388994205D9C91AB96019481E
:106EE000FAF730FC08E01848FAF72CFC094801884A
:106EF0000C4A1388C81AB860381C08300121FAF708
:106F000035FC1248FAF71EFC002000E00020BD46C8
:106F100004B080BD882D0020A0A00200842D002098
:106F2000A4A002008A2D0020ACA00200B0A00200A4
:106F3000B4A00200862D0020BCA00200C0A0020068
:106F4000C4A00200C8A00200CCA00200BCA10200A4
:106F500080B500AF054B18700548FAF7F3FB0548FC
:106F60000021FFF729FDBD4680BDC046862D0020CB
:106F7000E4A00200816D0200F0B585B000AF051CF1
:106F80000C1C012808DD08683649FAF71FF90028AB
:106F900002D16068FAF7D6FB20683349FAF716F990
:106FA000002801D1FFF7EAFE20683049FAF70EF910
:106FB000002810D12E4B186806680621397200226D
:106FC0007A72381C0C302B490222FAF759FFB86844
:106FD000F9680022B04720682749FAF7F7F8002837
:106FE00005D1234B1868466800F04EFFB047206873
:106FF0002249FAF7EBF8002801D1FFF7A9FF206832
:107000001F49FAF7E3F8002802D10120FFF7A0FF9B
:1070100020681549FAF7DAF8002801D1FFF7AEFE2B
:1070200020681849FAF7D2F800280DD1F9F7C8F905
:107030007860154E301CFAF785FB381D0421FAF7ED
:1070400095FB301CFAF77EFB012D07DD20680F4908
:10705000FAF7BCF8002801D101F086F9BD4605B069
:10706000F0BDC046F8A0020000A1020008A1020085
:107070007C2D00209CA0020010A1020018A102009B
:107080001CA1020020A10200BCA1020028A1020054
:1070900080B500AF021C034B03495960181C04C0A3
:1070A000BD4680BD7C2D0020796F020073DF7047E4
:1070B00076DF704777DF70477ADF70477CDF704795
:1070C0007FDF704780B500AFBD4680BD80B500AFA3
:1070D000AF21024AF9F70EF8BD4680BD2CA102008F
:1070E00080B582B000AF78600648FAF72BFB381DF8
:1070F0000421FAF73BFB0448FAF724FBBD4602B033
:1071000080BDC04658A10200BCA1020080B500AFFE
:107110000378002B0DD10848FAF714FB01F074FD39
:107120003B21FFF7C5FF002803D07421034AF8F77D
:10713000E1FFBD4680BDC0468CA102002CA102002B
:1071400080B500AF0388132B09D0192B14D0112B55
:107150001AD1002000210D4AFEF776F814E001F064
:1071600053FD00210A4AFFF7ABFF00280CD0442151
:10717000084AF8F7BFFF07E08079002804D1002013
:107180000021054AFEF760F8BD4680BDB1720200DD
:10719000A82D00202CA10200C570020098B500AFF8
:1071A000041CFDF7A5FC0648211CFDF735FF201C3B
:1071B00001F032FD201CFFF7C3FFBD4698BDC0465D
:1071C000902D0020B0B5A0B000AFFD1DF8713A1CA5
:1071D0001C4B1868B8601C49B9810121B973083289
:1071E000381C48300023BB64FB647B65BB65FB65D2
:1071F0003B667B66BB66FB663B677B67BB67FB6783
:10720000022404708170818085603B617B61BB6179
:10721000FB613B627B62BB623B637B63BB63FB6383
:107220003B647B643C85FA62391C1031FDF7C8FA77
:10723000002803D0C321054AF8F75CFFBD4620B003
:10724000B0BDC0468C2D00200F1800002CA10200FC
:1072500080B582B000AF024B1860BD4602B080BD61
:107260008C2D002080B586B000AF00237B60BB6012
:10727000FB603B61C8208100B98296225300FB82EB
:107280000620FFF79FFF381DFFF710FF002804D0EE
:1072900084214900044AF8F72DFF0448FAF752FA0E
:1072A000BD4606B080BDC0462CA10200A8A10200C8
:1072B00080B500AFFFF7D6FFBD4680BD80B500AFFB
:1072C0000A48FEF7B9FB002804D088214900084A83
:1072D000F8F710FF0748FEF7CBFB002803D006495C
:1072E000034AF8F707FFBD4680BDC0469D71020006
:1072F0002CA10200E170020013010000F0B5574616
:107300004E464546E0B492B000AF041C3A780F23D5
:107310009A4301210A431340102003433B70201C71
:10732000FAF72EFF82B2381C211CFFF7C7FE002897
:1073300004D08F256900864AF8F7DCFE30263E81AE
:107340007E810124BC81C0225300FB81381C08309F
:10735000FFF7B2FE002804D0932149007C4AF8F7D9
:10736000C9FE08204042FFF7A5FE002803D0794956
:10737000774AF8F7BFFEE946381C08300021402262
:10738000FAF7AAFD381C08307349FDF7E9FB381CF1
:1073900010307249FDF7E4FB08257D607048FAF76C
:1073A000D1F9381D0421FAF7E1F96E48FAF7CAF964
:1073B0007D686E00741C0836F208D3006946C81A4E
:1073C0008546E846EE1DF208D300C11A8D466E468A
:1073D000684665492A1CFAF753FD40460021221CE5
:1073E000FAF77AFD002D28D06B4644467519AC4655
:1073F0005E4D0F20F143614401221140327816099D
:10740000AE5D26700240AA5C6270013302346345AF
:1074100000D08DE011E019780A09AE5C26700140B9
:10742000695C61705A781609A95DA1700240AA5C76
:10743000E270023304346345EDD13C1C0834381C3F
:1074400018304146FDF78CFB3C23E55C0F26B54325
:10745000012005432E4010210E43E65400223D2317
:10746000E254201CFDF740FC002804D0AA2461004F
:10747000374AF8F73FFECD467D7D0F26B543012103
:107480000D433540102215437D75B87DB043084348
:1074900030401043B8750023FB753C7EB443214354
:1074A0000E4032433A760025BD6001263E733D61B1
:1074B000642139752E48391C0831FDF7C1FD0028BB
:1074C00003D02C49224AF8F715FE0022BA607A61EF
:1074D000BA61A0208300FB603B6103243C75264D0C
:1074E000FD61264E3E62381C0830FDF7C3FA0028C5
:1074F00004D0BA214900164AF8F7FCFD20481E22A4
:107500000280837801241C43FD252C401C26B443B3
:107510000C210C43DD22144084700723C370102417
:107520000471BD4612B01CBC90469946A246F0BDFF
:10753000002900D16FE71E7831096A5C227006408D
:10754000AE5D667001330234634500D063E774E7D3
:107550002CA1020027010000C0A10200589B0200DC
:10756000C8A10200BCA1020060000010E0A102005E
:10757000902D0020650100000D710200CD70020009
:10758000A82D002080B500AF8900C130FF308000F9
:10759000A023DA058150BD4680BDC0463DDF70475F
:1075A00098B500AF041C082904D000200449054AFE
:1075B000F8F7A0FD606823689847BD4698BDC046AF
:1075C00013010000F4A1020080B584B000AF1320C5
:1075D0000321FFF7D7FF234B7B607868002805DD88
:1075E0007968013979607A68002AF9DC01F036F8A7
:1075F0001D48FEF72FFA002803D03E211B4AF8F75A
:1076000079FDFFF75BFE1A4BBB601A4802782D210B
:107610003973194B1009195C79730F2002409A5C79
:10762000BA730023FB73381C0830FFF767FE01F0C4
:107630006BFA00F0C5FF1148FAF784F81049398059
:1076400010480278BA703868FFF702FE0E48FAF761
:1076500079F8FFF707FE0D48FAF774F8BD4604B055
:1076600080BDC04680841E00E927020028A20200D7
:1076700050696C6C60000010409D020034A2020052
:1076800010E1FFFF743600204CA2020060A202004D
:1076900080B500AF78200021FAF798FD3C20FAF77A
:1076A000B3FDBD4680BDC04680B500AF00200021BF
:1076B000024AFDF7C9FDBD4680BDC046E176020025
:1076C00080B582B000AF38607960381C0821034A69
:1076D000FDF7BAFDBD4602B080BDC046A1750200EF
:1076E00080B500AF002904D000209821034AF8F7A4
:1076F00001FDFEF7EBF8BD4680BDC04670A202005A
:1077000090B583B002AFFFF731F9082020211F4A5E
:10771000FDF76EFD002803D07E211D4AF8F7EAFC34
:107720001C4B0093FF200A2109221B4BFCF74CF84D
:10773000002803D08421164AF8F7DCFC08201749FA
:10774000FDF766FF002803D08B21114AF8F7D2FC21
:10775000082013495022134BFEF738F9002803D0B4
:107760008E210B4AF8F7C6FCFFF72EFFFFF790FFBC
:10777000FFF796F9064CFFF711FF002803D095217B
:10778000221CF8F7B7FCFDF7D9FDF4E71833002009
:1077900028A20200C1760200002E002078320020CC
:1077A000B02D0020A976020080B500AF8900C1305D
:1077B000FF308000A023DA058150BD4680BDC04661
:1077C00080B500AF0020BD4680BDC046F0B583B097
:1077D00000AF0D20F9F736FB041E2ED004234371B1
:1077E0000220207118490A684D682272160A6672D2
:1077F000130CA372100EE0722573290A61732A0C10
:10780000A2732D0EE573114E337823740133337058
:107810000F4801680E680F4D381C291C0222FAF728
:107820002FFB291D381D0222FAF72AFB38687968D8
:10783000221CB047201CF9F7A7FB0748F9F782FF85
:10784000BD4603B0F0BDC0466000001050350020BA
:1078500058350020ACA20200B4A2020090B583B05B
:1078600000AF134B1878FDF7CDFF002803D09D2102
:10787000104AF8F73FFC10480178002912D10F4A4E
:107880001468246802233B7000207870381D0C496E
:107890000222FAF7F5FA386879680022A047012138
:1078A000054A11700748F9F74DFFBD4603B090BD7A
:1078B00028350020C8A2020051350020583500208C
:1078C000ACA20200DCA2020098B500AF002812D0E2
:1078D000124CA079FEF75AFA2088FEF79BFA10485E
:1078E000F9F730FF0F49086840210022FCF766F8DD
:1078F000012222740FE0094C2079FEF747FA6088D4
:10790000FEF788FA0848FAF737F8064B1868FCF7CC
:1079100089F800202074BD4698BDC046142400207C
:10792000E0A2020054350020F0A20200B0B584B0FD
:1079300000AF0024FC60381C0C30FCF793F8BC60EE
:10794000334B1968F8683A1C0832FCF795F87C60EC
:1079500030480168F8683A1DFCF78EF8BA68D1091A
:10796000B96001F035FB041CB8683C2101F006FC4D
:107970000D1C203D02D40122AA4003E02023581A06
:107980000122C24001208840257C617C09022943F4
:10799000A37C1D042943E37C1D062943257D637DCB
:1079A0001B022B43A57D2D042B43E57D2D062B4388
:1079B0000143134321740A0A6274080CA074090E6F
:1079C000E17423751D0A65751A0CA2751B0EE3750B
:1079D0001148F9F7B7FE01F0FBFA10300821F9F76A
:1079E000C5FE0E48F9F7AEFE01F088F97C683F2C21
:1079F0000AD90B48017C002906D00020FFF764FF5C
:107A00000848B968F9F7B8FFBD4604B0B0BDC04634
:107A1000303500203435002000A30200BCA1020054
:107A20001424002008A30200F0B5474680B482B0B9
:107A300000AF031C0A1C381C191CFAF721FA00219C
:107A40007D5E0223FA5E0421785E6D435243A918DD
:107A500040430D1801F0BCFA041C067E437E180258
:107A60003043A27E11040843E67E330618430130FA
:107A70002076020A6276010CA176000EE076267866
:107A8000637819023143A27810040143E678330683
:107A900019438D420AD92570290A61702A0CA270F7
:107AA000280EE0702448291CF9F766FF237E667EC5
:107AB00036021E43A17E0A041643E07E03061E43DF
:107AC000217962791002084380460022B85E43465D
:107AD00019B2401A311C01F00DFB404482B22271F0
:107AE000100A6071A379E1790A021A4390460222D2
:107AF000B85E434619B2401A311C01F0FBFA40440B
:107B000082B2A271100AE071237A617A0A021A43E2
:107B100090460422B85E434619B2401A311C01F067
:107B2000E9FA404486B22672320A6272281CBD46C7
:107B300002B004BC9046F0BD18A3020080B582B02C
:107B400000AF381CFEF732F91648F9F7FBFD0022AA
:107B5000154B1A701548C268002A02D0381C06213D
:107B60009047381C0621FFF75FFF01F0E1F810484D
:107B7000FBF778FF0D490B7C002B02D10120FFF7AA
:107B8000A3FE0C48FBF76EFF0B480078FDF7ACFD39
:107B9000002803D009490A4AF8F7ACFA0020BD468C
:107BA00002B080BD28A3020051350020142400201B
:107BB0002C35002034350020283500203B01000002
:107BC000C8A20200F8B500AFFEF7D8FB061C074DAF
:107BD0002B68074C9968201C884728684268201C3D
:107BE0009047301C461EB041BD46F8BD58350020B8
:107BF0003835002090B583B000AFB8808BB23980A3
:107C0000180AC2B2012A09D0022A0DD00A48F9F78F
:107C100099FD0A48F9F796FD002408E0FFF78EFF6A
:107C2000041CFEF7EBF802E0FFF7CCFF041C201C5D
:107C3000BD4603B090BDC0462CA30200BCA102000B
:107C400080B500AF0D4B1878002813D000220B49E7
:107C50000A700B4B1878FDF7D5FD002803D00949B1
:107C6000094AF8F747FAFEF7C9F81720FEF776FF3A
:107C7000FEF786FA0020BD4680BDC0465235002082
:107C80002835002011010000C8A2020080B586B08E
:107C900006AF1A4B187800282DD1FEF769FA0E218D
:107CA000009110220192164B18790290D979039114
:107CB0005A880492012000210A220C23FEF76CFA54
:107CC000002815D117200321FFF76EFDFEF796F867
:107CD0000C4B1878FDF708FD002803D00A490B4A21
:107CE000F8F708FA0A48F9F72DFD01200349087052
:107CF0000848FBF7B7FE0020BD4680BD5235002086
:107D0000142400202835002005010000C8A202002C
:107D100030A302003035002080B500AF014BD860A1
:107D2000BD4680BD1424002080B500AF024B1878FA
:107D300000221A70BD4680BD5335002080B500AFCB
:107D40000248FBF78FFEBD4680BDC046303500209F
:107D500090B585B000AF174B19780020002925D0C9
:107D600015480078391DFDF777FD021C0020002A18
:107D70001CD17C68230219D4104B19680C680220AE
:107D8000387200227A72381C0C300D490222FAF740
:107D900077F8B868F9680022A0470A4B19780E29CD
:107DA00002D80131074C217006480078BD4605B065
:107DB00090BDC0465235002028350020583500209F
:107DC000ACA202005335002098B500AF041CFEF7AA
:107DD000D7F91E4B1C601E481E4A82601E49C160B6
:107DE0001E4C04611E4B4361022202701D4941601A
:107DF0001D4801211D4AFBF783FD002804D0B02453
:107E000061001B4AF8F776F91A48002180231A040A
:107E1000194BFDF739FC002804D0B1225100144A57
:107E2000F8F768F913480078FDF7ECFC002803D058
:107E300012490F4AF8F75EF9114800F055FF114852
:107E400000F08EFF0248BD4698BDC0465835002060
:107E5000383500208D7C0200417C0200C177020091
:107E6000F57B02002CA30200543500202D7902007E
:107E7000C8A20200283500205D78020063010000DE
:107E80008017B42CCD77020080B500AF0148BD4605
:107E900080BDC0463835002074DF704780B500AF24
:107EA0008900C130FF308000A023DA058150BD4633
:107EB00080BDC04680B500AF0020BD4680BDC04635
:107EC00080B500AF064B1878FDF79CFC002803D066
:107ED0003D21044AF8F70EF90020BD4680BDC0469A
:107EE0005C35002064A3020090B583B000AF104B56
:107EF0001878FDF787FC002803D0EB210D4AF8F72E
:107F0000F9F80D48F9F71EFC0C48C1690C68072206
:107F10003A7000237B70381D09490222F9F7B0FF3F
:107F2000386879680022A047BD4603B090BDC046BE
:107F30005C35002064A3020078A3020060350020B5
:107F40004CA3020090B583B000AF00237B603B6080
:107F5000381DFBF787FD0A4C7868216B3A1CFBF74C
:107F60008BFD3868C1093960A26A8918A162054889
:107F7000F9F702FD7B682363BD4603B090BDC046A0
:107F80006035002084A30200F0B54F464646C0B4D9
:107F900089B000AF381D01F023F8002837D0032046
:107FA000391D0A22F8F702FD041E33D01C4A904600
:107FB000D369186881461B4D2E1D381C1030311CAA
:107FC0000222F9F75DFF291C0831381C1430022207
:107FD000F9F756FF38697969221CC8474146CA69D2
:107FE00013689846381C1830311C0222F9F748FFF4
:107FF000291C0C31381C1C300222F9F741FFB869EA
:10800000F969221CC047201CF8F7BEFF02E00648B1
:10801000F9F798FBBD4609B00CBC90469946F0BDF7
:10802000603500204CA3020094A30200F0B585B097
:1080300000AF00233B60BB80FEF790FC387019480E
:10804000028D7A80418DB98014247C700120391C06
:108050000622F8F7E9FC041E20D039787D88BE8816
:1080600032042A437B781048F9F786FC0D4BD86917
:1080700006680E4D291D381C08300222F9F700FF52
:10808000291C0831381C0C300222F9F7F9FEB868B7
:10809000F968221CB047201CF8F776FFBD4605B0F2
:1080A000F0BDC04660350020ACA302004CA3020026
:1080B00098B500AFFFF746FF124CE36A0133E36265
:1080C000FFF746FEFFF760FFE06A3C2101F056F83B
:1080D000002908D139200B4A115C002901D1FFF792
:1080E000A5FFFEF7DDFC074CE06A142101F046F81D
:1080F000002901D1FEF7CAFC00F056FFFFF71EFE73
:10810000BD4698BD6035002080B500AF064B18789D
:10811000FDF7EAFA002803D03721044AF7F7EAFF0F
:108120000020BD4680BDC0465C35002064A302002F
:10813000F0B54F464646C0B489B000AF6348F9F782
:1081400001FBFFF7FFFE0023FB716148426B013228
:10815000426360490878391CFDF77EFB002803D193
:108160003C686500EE0FFE71F81D0121F9F7FEFA7B
:10817000574CFB79012018403825625D51004618A4
:1081800007231E406655201C38300121F9F7EEFA0E
:108190005148F9F7D7FA248F072C3FD14F48F9F708
:1081A000D1FAFFF743FFFEF77BFC494C012039234E
:1081B000E054E669B568FFF767FEA847FFF76CFE75
:1081C000E1690A68914607208046387200267E726F
:1081D000434D291C1031381C0C300222F9F750FE97
:1081E000B868F9680022C847E469246841463974D0
:1081F0007E74291D381C14300222F9F741FE3869BB
:1082000079690022A047334A1078FDF76DFA0028FB
:108210003ED0B321334AF7F76DFF39E080204500A7
:10822000AC422CD13048F9F78DFAFFF7FFFEFEF78C
:1082300037FC274C00253923E554E0694668FFF7F1
:1082400023FEB047FFF70EF8E1690C6807223A7683
:108250007D76381C1C30224914310222F9F710FEB9
:10826000B869F9690022A0471A4D2878FDF73CFA51
:1082700000280DD0BC211B4AF7F73CFF08E038214D
:10828000134A565C002E03D0072E01D0FEF7FEFBEA
:108290000F48436B0A2B12D90D4E306AFBF7C2FB15
:1082A000002575631148F9F74DFA0A4C2078FDF75F
:1082B0001BFA002803D0C5210A4AF7F71BFFBD4669
:1082C00009B00CBC90469946F0BDC046CCA3020054
:1082D000603500205C350020BCA10200D8A302005C
:1082E0004CA3020064A30200F0A3020008A4020051
:1082F00090B583B000AFB8808BB23980180AC2B293
:10830000022A0ED0032A18D0012A23D11348F9F7E4
:1083100019FA134C606AFBF785FB206AFBF782FBB6
:1083200018E00F4C206AFBF77DFB206A80210022B9
:10833000FBF744FB002060630CE00A48F9F702FAFF
:10834000074C606AFBF76EFB606AF023590100225C
:10835000FBF734FB0020BD4603B090BD1CA4020017
:108360006035002030A4020080B500AF0448F9F762
:10837000E9F9FFF709FEFFF759FEBD4680BDC0468B
:1083800044A4020080B500AF254B197E002943D1DB
:10839000234B244A9A602449D960244A1A6124490B
:1083A000596107221A7023495960D86100209862E8
:1083B000D86218635863181C203001211E4AFBF74D
:1083C0009FFA002828D11648243001211B4AFBF7C8
:1083D00097FA002820D10122114B1A7600F0D0FD27
:1083E0001E200021FFF75AFD8021CA051448111CE8
:1083F000144BFDF749F9002804D084225100124A99
:10840000F7F778FE0E480078FDF7FCF9002803D056
:108410000E490D4AF7F76EFE0148BD4680BDC046C5
:108420006035002009810200C17E0200B57E020095
:10843000F182020050A4020031810200B1800200EA
:108440005C350020E97E020064A3020009010000FF
:10845000A0DF70472ADF704739DF704780B500AF73
:10846000A223D900A022D3055958C140081C0122DB
:108470001040BD4680BDC04680B500AF0248F9F748
:1084800061F9BD4680BDC04698A4020080B500AF2A
:108490000248F9F757F9BD4680BDC046A8A40200BE
:1084A00080B500AF837E082B2ED89900174A535809
:1084B0009F46021C1A32018B101C154AFCF7C4FEA1
:1084C00022E0011C1A3113480122002300F068FB4E
:1084D0001AE01148F9F736F90120104908701048E0
:1084E000FFF71AFC10E000220C4B1A700020FFF777
:1084F00013FC0C48F9F726F906E00120FFF7ACFF62
:10850000002801D1FFF7A6FFBD4680BD58A4020098
:10851000A18502000DD00000C0A402009E350020FD
:1085200029850200D8A40200F0B5474680B482B085
:1085300000AF031C0C1C184A1078002826D0E8460F
:108540000E1D00215D5E0222985E0422995E6D433D
:1085500040432A18494355187D60201C0B30C10840
:10856000CA006D46A81A85466846191C221CF9F7F0
:1085700087FC6B461819391D0422F9F781FCB2B249
:1085800006486946002300F00BFBC546BD4602B015
:1085900004BC9046F0BDC0469E350020EDFE0000B4
:1085A00098B500AF041CFDF783FC0448211C012290
:1085B000002300F0F5FABD4698BDC0460DD000007E
:1085C00080B582B000AF134BBB8013480178B971FE
:1085D0000120391D114AFFF73BFF002803D09221EB
:1085E0000F4AF7F787FD0F480F49092200F064FA98
:1085F0000E4800F051FA0E4800F04EFA0D480E49B0
:10860000142200F06DFA0D4800F046FABD4602B0A3
:1086100080BDC04610E1FFFF743600209C3500206D
:108620000CA50200EDDE0000A18402000DD00000C8
:10863000EDFE00000DF000008D8402000A2A00000B
:1086400098B500AF1320FFF709FF041C1320FEF7B5
:1086500067FA60426041BD4698BDC046F0B54746E6
:1086600080B48EB000AF6048F8F732FB5F4B186003
:10867000002800D1B0E04468F8F748FBA047FFF7B6
:10868000DFFF002815D0381D594E021C32CE32C2F1
:10869000564C21684D68F9F725F8A8472668746894
:1086A000301C0021FEF7F4FC011C301CF8F7B0FE72
:1086B000A0474E4E30684568FFF764FEA847306813
:1086C0004468FFF781FBA04736687568301CFEF7E9
:1086D00049FB011C301CF8F7B9F9A8470122FA70D0
:1086E00000207860388180214B051C6E5E6E1D6E07
:1086F000586E331C63404540290C4B40BB8011240D
:10870000BC71FA71F81C0121F8F7E0FB061E13D0CA
:10871000364A15682C68002038747874381C143078
:1087200033490C310222F9F7ABFB38697969321C05
:10873000A047301CF8F728FC381D0621F8F7C6FBC7
:10874000061E13D0294B19680D6800223A767A76F6
:10875000381C1C30264910310222F9F791FBB86908
:10876000F969321CA847301CF8F70EFC1F4D2C6825
:10877000206880463E1C20360024347074701C4EE5
:10878000311C1431381C24300222F9F779FB386A85
:10879000796A0022C0472B68196888463A1C28323B
:1087A00014705470311C1831381C2C300222F9F727
:1087B00067FBB86AF96A0022C0472D682E68381C2A
:1087C0003030047044700430047001244470386BFD
:1087D000796B0022B04702E00648F8F7B3FFBD46C8
:1087E0000EB004BC9046F0BD79840200A035002094
:1087F0007CA402001CA50200A2DF7047A6DF704720
:1088000062DF704780B500AF031C0020994202D39D
:10881000C81A013080B2BD4680BDC046B0B500AFB9
:10882000441C201C132100F009FDCD17691ACD0F3F
:10883000201C132100F0ACFC2818C0B2BD46B0BD0E
:1088400080B500AF122802D80230C0B209E0123859
:10885000132100F0F3FCC9B21420002901D0481CF8
:10886000C0B2BD4680BDC046B0B586B000AF041CE6
:108870000178174BDA78013A1423914201D1144858
:10888000037C3D1CFB82163511490A88BA80012001
:10889000B87100233B81FD603C610E48F8F752FF40
:1088A0002988201CF8F762FF0B4C2088391DFFF740
:1088B000A5FF002804D10948F8F744FF012003E090
:1088C0000748F8F73FFF0020BD4606B0B0BDC046E0
:1088D000EC35002034A502002C24002038A502002D
:1088E0003CA50200F0B583B000AFC188F980174BFA
:1088F0005A888A420CD106E01A1C0832951F2D882E
:108900008D421CD100E0114C06306168884713E0AD
:108910000E4B08330D4E48361C1EB442ECD30C48A7
:10892000F8F710FFB81D0221F8F720FF0D20F8F727
:10893000FDFE0A20F8F7FAFEBD4603B0F0BD141C98
:10894000131C083352888A42E6D1DDE7A4350020A3
:1089500044A50200F8B500AF1B4B9C68D9688C4257
:108960002ED81D1C5E68301CFFF74CFFA978174AF3
:1089700011700131A970B4420ED186B2122E00D905
:10898000122085B211481049CA7842700230211C69
:108990002A1CF9F775FA0AE083B2132B00D91320C9
:1089A00085B20A480130211C2A1CF9F769FA0848E7
:1089B000F8F7C8FE0448846863198360034800E040
:1089C0000020BD46F8BDC046EC350020043600202E
:1089D000BCA10200F0B557464E464546E0B490B003
:1089E00000AF80460D1C92469946284B1968284ACC
:1089F000914206D30020483291424041002805D0E0
:108A000000E001203D21234AF7F774FB3E1C3C3671
:108A10000120B07044463480391C203100233B6271
:108A20007B62BB62FB623B637B63BB632D780D7033
:108A3000381C11223A777A770324BC771C303B61CB
:108A40007B61BE60F8604E463E82BE825546BD6187
:108A500000203A1C08323B1CFFF7CEFE002803D052
:108A60005D210C4AF7F746FB084A146839884046EE
:108A7000208061803E6E666008341460BD4610B090
:108A80001CBC90469946A246F0BDC0462824002052
:108A9000A435002070A5020080B58CB002AF102371
:108AA0003B7100210091391D3A1C08321F23FFF74A
:108AB00091FFBD460AB080BD90B585B002AF131CD2
:108AC0000732D408E2006C46A21A954602AA08248E
:108AD0003C710091391DFFF77DFFBD4603B090BD8D
:108AE00090B585B002AF131C0732D408E2006C4683
:108AF000A21A954602AA0C243C710091391DFFF779
:108B000069FFBD4603B090BD80B584B000AF381C8E
:108B100008491022F9F7B4F9381C0749FFF770FE2D
:108B2000002803D0A621054AF7F7E4FABD4604B0B1
:108B300080BDC04624A502007436002070A5020046
:108B4000B0B500AF134B198881420BD107E01A1C56
:108B50000832141C083C2488844214D100E00D49DA
:108B600048880EE00B4B08330A4D4835191EA942C0
:108B7000EDD30948F8F7E6FD0120B521074AF7F7DC
:108B8000B9FABD46B0BD111C131C083312888242CD
:108B9000ECD1E5E7A435002084A5020070A5020011
:108BA000F0B557464E464546E0B400AF0D1C141CC8
:108BB0001E1C002A1FD0FFF7C3FF8246201CFFF7B0
:108BC0002DFE8146631E58198046201CFFF738FE93
:108BD0000C4A51461180002494704B46D370556066
:108BE00095604546D56010745661FFF7B3FE0028C6
:108BF00001D0FFF739FEBD461CBC90469946A246FF
:108C0000F0BDC046EC35002080B500AF014B1888A0
:108C1000BD4680BD2C24002098B500AF041C0388FD
:108C2000102B08D002D8012B38D130E0112B16D0F0
:108C3000502B33D128E08288214B1A802148F8F745
:108C400081FDE01D0621F8F791FD0D20F8F76EFD7E
:108C50000A20F8F76BFD1C48F8F774FD2EE01B485E
:108C6000F8F770FDA01D0121F8F780FD0D20F8F741
:108C70005DFD0A20F8F75AFD1348F8F763FD01225D
:108C800050420F49088019E0FFF72CFE16E0FFF76D
:108C900061FE002812D0FFF7E7FD0FE00C48F8F75F
:108CA00051FD201C0221F8F761FD0D20F8F73EFD73
:108CB0000A20F8F73BFD0448F8F744FDBD4698BD8F
:108CC0002C240020A8A50200BCA10200BCA5020023
:108CD000CCA5020080B500AF024B00225A601A7288
:108CE000BD4680BD1836002080B500AF024B18602D
:108CF000FFF7F0FFBD4680BD1836002080B500AFFD
:108D00000A4B187A00280ED00130C1B2074A1172FE
:108D1000022908D95068072803D9D268002A00D050
:108D20009047FFF7D7FFBD4680BDC04618360020EC
:108D300080B500AF094B1A68002382420BD8074860
:108D4000017A002902D10122044B1A7203484168BA
:108D5000013141600123181CBD4680BD183600203A
:108D600080B500AF014BD860BD4680BD18360020ED
:108D700080B500AF03794279110219430023817253
:108D80000A0AC272037143718179C27912020A43DD
:108D90000273110A41738371C371017A427A81733C
:108DA000C273037243720377037443748374C3748E
:108DB000037543758375C375037043708370C37007
:108DC000BD4680BD00000000F8B500AF021C0021C8
:108DD000002300F083FACC03420C22434B0C234DBA
:108DE000214C201C291C801A9941C822002300F024
:108DF00075FA0E04000C0643301C0021321C0023BF
:108E000000F06CFA021C0B1CC9038C46500C624625
:108E10001043590C221C2B1C121A8B41101C191CBC
:108E2000321C002300F05AFA0E04000C0643301CDA
:108E30000021321C002300F051FA021C0B1CC90354
:108E40008C46500C62461043590C221C2B1C121AE3
:108E50008B41101C191C321C002300F03FFA0D043A
:108E6000000C2843BD46F8BD008001000000000052
:108E700080B500AF028843885243110C5B431A0C43
:108E8000891880884043030C5818BD4680BDC046F1
:108E9000F8B500AF061C0021244B234A00F0DAF994
:108EA000224B214A041C0D1CA4185D41EA0F00232B
:108EB00012196B41DB0750081C1C04430025301CB1
:108EC0000021221C2B1C00F0C5F924184D41EA0F8B
:108ED000002312196B41D90752080C1C14430025BA
:108EE000301C0021221C2B1C00F0B4F924184D4129
:108EF000EA0F002312196B41DB0750081C1C0443C6
:108F00000025301C0021221C2B1C00F0A3F90019A5
:108F10006941CA0F002380185941CC0740082043FB
:108F2000BD46F8BDC046C046204E0000000000000F
:108F300080B500AF082803D91F2300280BDD12E0FD
:108F40004100C8B212E0013B9BB2400000280FDC98
:108F500001E00028F7DC400019B20139CB00420FD4
:108F60009818C0B202E040001E23F2E7BD4680BD63
:108F7000013B9BB240001AB2022AEAD1EBE7C0469D
:108F800080B500AF07480023021C08C243600432CA
:108F900008C208C208C208C208C21370FFF7E8FE80
:108FA000BD4680BD2836002080B500AF064B1A694B
:108FB0005869104302D00448FFF7DAFE0348F8F777
:108FC000C1FBBD4680BDC04628360020E0A502009A
:108FD00080B500AF0148BD4680BDC04628360020A0
:108FE000F0B5474680B48AB002AF041C3D4A3B1C32
:108FF00061CA61C3191C61CA61C110680860157932
:109000000D71002C68D03E697D69321C2A43002016
:10901000002A62D004217B5E0A22B85E58430621F2
:109020007B5E0C217A5E5343C31808203A5E0E2102
:10903000785E5043C1188846381DFFF719FFFFF7C7
:10904000C3FE021C4346D91758184840C1170023D5
:1090500000F044F90A04000C02439046381C0A3020
:10906000FFF706FFFFF7B0FE021C4346D917404644
:10907000002300F033F90904000C0843FFF758FF00
:10908000804660703868FFF703FF031C1648834270
:1090900002D80020207008E014495B18DB09FE2B81
:1090A00001D8237001E0FF222270A670310AE1701E
:1090B000320C2271300E6071A571290AE1712A0CFF
:1090C0002272280E60722278009601950848414667
:1090D000F8F752FC012000E00020BD4608B004BCB7
:1090E0009046F0BD28360020CB3C000034C3FFFF83
:1090F000E4A50200002934D00123002210B48842E4
:109100002CD301242407A14204D2814202D20901B6
:109110001B01F8E7E400A14204D2814202D24900D7
:109120005B00F8E7884201D3401A1A434C08A0427A
:1091300002D3001B5C0822438C08A04202D3001B10
:109140009C082243CC08A04202D3001BDC08224327
:10915000002803D01B0901D00909E3E7101C10BC4B
:109160007047002801D00020C04307B4024802A184
:109170004018029003BDC046D90000000029F0D07D
:1091800003B5FFF7B9FF0EBC4243891A1847C04622
:10919000002941D010B4041C4C40A44601230022F5
:1091A000002900D54942002800D5404288422CD3EE
:1091B00001242407A14204D2814202D209011B01E9
:1091C000F8E7E400A14204D2814202D249005B00E8
:1091D000F8E7884201D3401A1A434C08A04202D350
:1091E000001B5C0822438C08A04202D3001B9C0891
:1091F0002243CC08A04202D3001BDC0822430028F3
:1092000003D01B0901D00909E3E7101C6446002CB8
:1092100000D5404210BC7047002806D003DB002078
:10922000C043400801E08020000607B4024802A1C4
:109230004018029003BDC046190000000029EBD081
:1092400003B5FFF7A7FF0EBC4243891A1847C04673
:109250007047C046002B15D1002A13D1002900D138
:10926000002807D003DB0020C043410802E0802132
:109270000906002007B4024801A14018029003BD6E
:10928000D1FFFFFF03B4684601B5029800F048F82B
:10929000019B9E4602B00CBC7047C046002B11D10A
:1092A000002A0FD1002900D1002802D00021C94393
:1092B000081C07B4024802A14018029003BDC04632
:1092C00091FFFFFF03B4684601B5029800F046F82D
:1092D000019B9E4602B00CBC7047C0469C460304EE
:1092E000F0B51B0C17043F0C150C1E1C041C000CC5
:1092F0007E436B4347434543FB18300C18188742A5
:1093000002D980277B02ED18070CED1967467C43D4
:109310004A433604330CA11800044919C018F0BDA3
:10932000F8B54F464646C0B41D1C141C061C0F1C45
:1093300000F030F8814688464346291C4A46201CE6
:10934000FFF7CCFF089B361A8F411E605F604846CE
:1093500041460CBC90469946F8BDC046F8B54F460C
:109360004646C0B41D1C141C061C0F1C00F0FAF964
:109370002B1C221C81468846FFF7B0FF089B361A3B
:109380008F411E605F60484641460CBC904699463E
:10939000F8BDC046F0B54D4644465F465646F0B46B
:1093A0001C1C85B00025002900DAE2E0002C00DA60
:1093B000D8E083460F1C92461E1C141C804689462A
:1093C000002B5AD18A426DD9101C00F091FB002865
:1093D0000CD02023191A5A463E1CCA408640171C3E
:1093E00037435E4686408440B946B046260C20048A
:1093F000030C311C48469B46FFF77CFE594641430F
:10940000071C8A464846311CFFF7B8FE424608044E
:10941000130C1843824509D90019791E844200D9DA
:109420007EE1824500D87BE1023F00195246831A53
:10943000181C311C9A46FFF75DFE59464143814690
:109440008B465046311CFFF799FE4646320408040D
:10945000130C184383450BD94E460119013E8C422B
:1094600000D95FE18B4500D85CE102246042814471
:1094700038044F463843002603E08B4265D9002666
:109480000020021C331C002D03D0311C002342425B
:109490008B41101C191C05B03CBC90469946A24655
:1094A000AB46F0BD002A04D101200021FFF722FEC7
:1094B000041C201C00F01CFB002862D14F46230432
:1094C0003E1B180CB146270C00900126391C48465B
:1094D000FFF710FE009A82464243391C48469346E5
:1094E000FFF74CFE43460904180C01438B4508D98D
:1094F00052460919013A8C4202D88B4500D928E11D
:1095000092465A46881A391C8346FFF7F3FD0099A4
:109510008146414358460091391CFFF72FFE4746CC
:109520003B04009F08041A0C1043874208D94B469D
:109530000119013B8C4202D88F4200D90EE19946B5
:10954000524610044F4638439BE7181C00F0D0FAEF
:10955000041E6ED1BE4202D3DA4500D98FE7002641
:1095600001208EE7161C1F1CED4300237242BB41F5
:109570001FE7051C0E1C00216842B14101256D4208
:1095800014E720210B1A4746DF404E464A46DE408C
:1095900082408440391C434683401143270C2004F9
:1095A000020C0191301C391C98460092FFF7A2FD75
:1095B000009982464143301C8946391CFFF7DEFD85
:1095C000019E0904330C194389450CD950460919E9
:1095D00001388C4200D9BAE0894500D8B7E00222B0
:1095E0005642B24409194B46C81A391C8146FFF746
:1095F00081FD0099061C414348468B46391CFFF704
:10960000BDFD019A09041304180C01438B4509D9C7
:109610000919721E8C4200D995E08B4500D892E062
:10962000023E09195B465246C81A110481460E4390
:109630004CE720231B1A5246DA4086401643504618
:109640005A46DA40A040391CD9400090131CA7406C
:1096500030043B438946370C010C02914846391CC3
:109660000193FFF747FD029A82464243391C484660
:109670009346FFF783FD019B0904180C01438B45BA
:109680000AD952468919013A8E425ED88B455CD977
:1096900002235842824489195A46891A0391081CA8
:1096A000391CFFF727FD029B391C43438146039871
:1096B0009B46FFF763FD019F09043804020C114328
:1096C0008B450AD94B468919013B8E4239D88B45C7
:1096D00037D902277842814489195E4653468A1B4E
:1096E000180449460843009993460A040704120CDB
:1096F0003B0C060C0F0C111C594372437B437E43F9
:10970000D3180F0C8C46D9198A4202D980225302F1
:10971000F6180F0CF219934510D305D00026B0E6C9
:109720000F1C83E6B146A3E6664643463704A340D2
:1097300009043A0C1C1C8B189C42EFD201380026FD
:109740009FE69946C9E7161C6CE79246A4E7824655
:1097500049E70223584282440919D2E602246042B2
:109760008144EDE6F0B55F464D4644465646F0B4BA
:10977000914683B0041C0F1C9846151C061C8B4692
:10978000002B55D18A426BD9101C00F0B1F900288A
:109790000AD020223B1C211C171AF94083400C1CC4
:1097A0001C438540A34686402C0C2804030C211C36
:1097B00058469946FFF79EFC4F4680464743211C7A
:1097C0005846FFF7DBFC300C090401438F420CD9EB
:1097D00043464919013B8D4200D95FE18F4200D8D1
:1097E0005CE10222504280444919CF1B381C211CE5
:1097F000FFF780FC4B464343BA46211C071C5046EA
:109800009B46FFF7BBFC36040C04310C21438B450F
:1098100008D948197A1E854200D93DE1023F8345A7
:1098200000D839E1454628040023384398460FE024
:109830008B420AD8181C00F05BF9051E60D1B845B0
:1098400000D225E1A14500D822E10025A84600204C
:10985000414603B03CBC90469946A246AB46F0BD9B
:10986000002A04D101200021FFF744FC051C281C1C
:1098700000F03EF9002800D0B3E07C1B01212F044A
:10988000A2463F0C2C0C8846211C5046FFF732FCA8
:1098900083467843211C81465046FFF76FFC330C0A
:1098A00008041843814508D95A464019013A8542AF
:1098B00002D8814500D915E193464A46801A211CF9
:1098C0008146FFF717FC211C824647434846FFF7B5
:1098D00055FC36040C04320C224397420BD95346F4
:1098E0005019013B854200D9DAE0874200D8D7E021
:1098F00002256F42BA445946080454462043A7E75C
:109900004646202386404A46181AC2401643221C67
:10991000C24049463B1CC340A940101CAF409B4677
:1099200038430091370C31040B0C0190391C584618
:109930009A46FFF7DFFB524642438146391C5846A0
:109940009046FFF71BFC019B09041A0C1143884544
:1099500006D94846891901388E4200D8B6E08146BA
:109960004046091A8B46081C391CFFF7C3FB5346B7
:109970004343391C804658469A46FFF7FFFB019F38
:1099800009043804030C19438A4506D9424689194B
:10999000013A8E4200D891E0904656464A468B1BCB
:1099A000100441460843009907040E04360C020CCB
:1099B0009B463B0C0F0C311C594356437B437A4367
:1099C000F3180F0C8C46D9198E4202D980267302E7
:1099D000D2180F0CD619B3456CD363D00024A0461F
:1099E00036E720210B1A261CDE4085403A1C311C2C
:1099F0008740DA403943261C2C0C00918640211CFC
:109A0000101C9346FFF776FB2F043F0C81467843EA
:109A1000211C82465846FFF7B1FB009B09041A0C33
:109A200011438A450AD94846491901388D4257D809
:109A30008A4555D902235A42914449195046091A78
:109A40008B46081C211CFFF755FB031C7B438046FB
:109A5000211C58469A46FFF791FB009A090410040E
:109A6000030C19438A450AD942464919013A8D42E5
:109A700034D88A4532D90220434298444919524683
:109A80004846891A030442461A438A469046FBE632
:109A9000002080460120DBE6171CC3E69846A4E6BA
:109AA0009A4628E7AC400D0461460B041A0CAF1827
:109AB000BC4293D200260138B046C9E68A4500D898
:109AC0006AE7022778428044891966E7884500D80A
:109AD00045E702235A429144891941E79046CEE76F
:109AE0008146ABE702214B429B444019E5E6C04664
:109AF0001C2101231B04984201D3000C10391B0ABE
:109B0000984201D3000A08391B09984201D3000981
:109B1000043902A2105C40187047C04604030202D8
:109B20000101010100000000000000000D0A3C4698
:109B300041554C543E0D0A0066696C653A200000A0
:109B40006C696E653A2000006572726F723A20008F
:109B50007665723A20000000312E302E330000006E
:109B6000466F756E6420486172644661756C74203E
:109B70006372617368206C6F67206174200000005D
:109B8000466F756E6420617070206572726F72200E
:109B90006372617368206C6F67206174200000003D
:109BA0004E6F206372617368206C6F6720666F75FB
:109BB0006E642C207369676E6174757265206973B9
:109BC0003A2000004372617368206C6F67207369EC
:109BD0007A653A20000000004372617368206C6F60
:109BE000672073617665642E0D0A0000636F6D6DEA
:109BF0006F6E2F686C6F5F71756575652E63000001
:109C00000467000051756575650D0A0053656E6443
:109C1000696E673A00000000636F6D6D6F6E2F6DA7
:109C20006573736167655F616E742E630000000089
:109C3000446571756575650D0A000000416C6C2006
:109C40004D6573736167652053656E74210D0A005D
:109C50006572726F7220636C6F73696E670D0A00B4
:109C6000414E54004C6F61646564204D6F64730D08
:109C70000A00000043454E5452414C00636F6D6D25
:109C80006F6E2F6D6573736167655F626173652EBB
:109C900063000000416371756972654461746120FD
:109CA0004641494C4544212043616E6E6F742061EA
:109CB000637175697265204E554C4C0D0A000000A9
:109CC00052656C65617365204641494C45442120CD
:109CD00043616E6E6F742066726565204E554C4C04
:109CE0000D0A000001030000010100006466750018
:109CF0007665720069640000727374006D616300C0
:109D0000616E746964000000434C4900C0C1AE003C
:109D10009102000000B8430000E138C001010000DA
:109D20000D0A3C646174613E000000003C2F6461D8
:109D300074613E0D0A0000005541525400000000BD
:109D40003031323334353637383941424344454671
:109D50004145533A200000002062797465730D0A72
:109D6000000000005761746368646F67207461735A
:109D70006B20737563636573730D0A00A8AC207A5A
:109D80001D72E34D616E742F616E745F647269764B
:109D900065722E6300000000436F6E66696775721E
:109DA000656420617320414E542043656E74726176
:109DB0006C0D0A00414E543A204368616E6E656C2A
:109DC00020616C7265616479206F70656E210D0A87
:109DD00000000000436C6F73696E67204368616E1A
:109DE0006E656C203D200000414E54207061636B15
:109DF000657420746F6F206269670A00536573731E
:109E0000696F6E2046756C6C200D0A006E524635E7
:109E1000315F53444B2F6E726635313432322F53DB
:109E20006F757263652F6170705F636F6D6D6F6EBC
:109E30002F6170705F74696D65722E6300000000A1
:109E4000183E02001E3E02002A3E0200243E02008E
:109E5000303E02006E524635315F53444B2F6E72D6
:109E60006635313432322F536F757263652F626CF1
:109E7000652F626C655F73657276696365732F62C7
:109E80006C655F6469732E63000000006E52463596
:109E9000315F53444B2F6E726635313432322F535B
:109EA0006F757263652F6170705F636F6D6D6F6E3C
:109EB0002F6170705F7363686564756C65722E6383
:109EC000000000006E524635315F53444B2F6E72D6
:109ED0006635313432322F536F757263652F736478
:109EE0005F636F6D6D6F6E2F736F667464657669F7
:109EF00063655F68616E646C65722E6300000000CC
:109F00006E524635315F53444B2F6E726635313495
:109F100032322F536F757263652F7370695F736C84
:109F20006176652F7370695F736C6176652E63006F
:109F3000647269766572732F696D752E6300000017
:109F40005F696D755F7365745F6C6F775F70617368
:109F5000735F66696C7465722068617320696D70E7
:109F60006F737369626C6520687A3A2000000000A4
:109F7000494D553A2073656E736F72732073657423
:109F800020746F200000000043757272656E7420AB
:109F9000616363656C656D6574657220726561648B
:109FA000696E673A2000000058203D200000000044
:109FB0002C00000059203D20000000005A203D20C8
:109FC000000000004F6C64206F6666736574733A1E
:109FD000200000004E6577206F6666736574733AE3
:109FE00020000000494D552072657365740D0A000C
:109FF000436F756C64206E6F7420636F6E66696763
:10A00000757265205350492062757320666F722007
:10A01000494D550D0A000000496E76616C69642057
:10A020004D50552D3635303020494420666F756EC1
:10A03000642E20457870656374656420307837300D
:10A040002C20676F74203078000000007265732048
:10A0500000000000636F646520000000737420003E
:10A06000636D702000000000780000005061737381
:10A070000D0A00004661696C0D0A00006472697681
:10A080006572732F626174746572792E63000000CB
:10A0900002000000030000000000000002020000B7
:10A0A000203078002D20307800000000202B0000A8
:10A0B0002E00000020562C20000000002B00000085
:10A0C0003D0000002D00000025202B0025202D0044
:10A0D00042617474657279203A20000020250D0ACF
:10A0E000000000004261747465727920566F6C74D0
:10A0F00061676520000000006563686F0000000074
:10A1000061647673746F7000696D75746573740043
:10A11000696D756F6E0000006D6F6E007570640084
:10A120006672656500000000616E740070696C6C99
:10A130002F68626C652E63006C61737420636F6EB0
:10A140006E65637465642063656E7472616C207300
:10A1500065740D0A000000005F6F6E5F7379735FB6
:10A160006576743A200000005F626F6E645F6D6117
:10A170006E616765725F6572726F725F68616E644F
:10A180006C65722C206572723A200000424C455F6B
:10A19000434F4E4E5F504152414D535F4556545FC1
:10A1A0004641494C454400004164766572746973C8
:10A1B000696E6720737461727465642E0D0A000005
:10A1C00048656C6C6F0000004465766963652069C2
:10A1D000642061727261792073697A653A200000A7
:10A1E00030313233343536373839414243444546CD
:10A1F000000000002E2F6E524635315F53444B2F26
:10A200006E726635313432322F496E636C75646517
:10A210002F6170705F636F6D6D6F6E2F6170705F17
:10A2200074696D65722E680070696C6C2F6D616960
:10A230006E2E630070696C6C5F626C655F696E693D
:10A2400074282920646F6E650D0A0000626C655FDA
:10A25000696E6974282920646F6E652E0D0A0000EE
:10A26000494E495420444F4E452E0D0A000000002F
:10A270002E2F6E524635315F53444B2F6E7266352A
:10A28000313432322F496E636C7564652F73645FAD
:10A29000636F6D6D6F6E2F736F667464657669633F
:10A2A000655F68616E646C65722E68000201000073
:10A2B000040100005368616B652064657465637414
:10A2C00065640D0A0000000070696C6C2F6D657389
:10A2D000736167655F696D752E630000490D00004D
:10A2E000494D55204163746976652E0D0A000000C2
:10A2F000494D5520496E6163746976650D0A000009
:10A300006D61736B0D0A000074696D652064696688
:10A31000662025640D0A00004E4557204D41583AED
:10A320002025640D0A000000520D0A00494D550019
:10A33000494D553A20696E697469616C697A617436
:10A34000696F6E20646F6E652E0D0A0007020000B3
:10A3500007010000040100000101000009020000E3
:10A360000703000070696C6C2F6D6573736167651E
:10A370005F74696D652E63005245454420494E5413
:10A380000D0A0000757074696D65206E6F77202569
:10A39000640D0A004E6F204D6F74696F6E20526518
:10A3A000636F726465640D0A000000004842206219
:10A3B00061747465727920256420757074696D65A7
:10A3C0002025642066772025640D0A004F4E452025
:10A3D0005345430D0A000000476F696E6720696EA0
:10A3E000746F2053686970204D6F64650000000031
:10A3F000476F696E6720696E746F205573657220B0
:10A400004D6F6465000000000A53746F7070696ED0
:10A410006720317365630D0A0000000053544F50EC
:10A420005F4845415254424541540D0A0000000026
:10A43000504552494F4449432031204D494E0D0A61
:10A440000000000053656E64696E670D0A0000002D
:10A4500054494D4500000000E6840200D284020009
:10A46000B2840200C284020008850200088502004E
:10A470000885020008850200FA84020013121F1FDB
:10A480000100000000509D0004640000046600000C
:10A490000702000007030000556E6B6E6F776E2099
:10A4A0004576656E740000005F646174615F61638E
:10A4B0006B5F68616E646C657228290D0A0000008C
:10A4C00053747265616D6D696E6720737461727427
:10A4D00065640D0A0000000053747265616D6D695A
:10A4E0006E672073746F707065640D0A0000000061
:10A4F00050696C6C20424C45206576656E7420680E
:10A50000616E646C65723A200000000070696C6CCA
:10A510002F70696C6C5F626C652E63004641494C1C
:10A520000000000023D1BCEA5F782315DEEF121291
:10A530000000000021000000400000004552524F82
:10A5400052000000436F756C646E2774206C6F635B
:10A550006174652077726974652068616E646C65EA
:10A560007220666F722068616E646C653A2000002C
:10A5700070696C6C2F70696C6C5F676174742E63AA
:10A5800000000000686C6F5F626C655F6765745FF8
:10A5900076616C75655F68616E646C65206572726A
:10A5A0006F720D0A00000000436F6E6E65637420C9
:10A5B00066726F6D204D41433A2000004469736319
:10A5C0006F6E6E65637465643A200000556E6B6E45
:10A5D0006F776E20424C45206576656E743A200098
:10A5E0005E000000646174610A20636F735F7468C9
:10A5F0006574613A202564206D61783A20256420D5
:10A6000028256429206D61736B3A20256C0D0A00A2
:08A61000787CFF7F01000000CF
:10A61800F8040000F804000001030000516D020076
:10A628005D6D0200500037000300060000000000C6
:10A638000000000000000000A4350020FFFF00001B
:04000003200022892E
:00000001FF
